X,Y,Z,r,absv
-0.0928985,0,0.910276,0.0031,0
-0.0907789,0,0.921006,0.0034,0
-0.0819106,0,0.905496,0.00325,0
-0.0801407,0,0.913092,0.0031,0
-0.0918548,0,0.896685,0.0032,0
-0.0844874,0,0.894177,0.0031,0
-0.0913132,0,0.889212,0.0031,0
-0.0840113,0,0.881216,0.0033,0
-0.0745368,0,0.891038,0.0033,0
-0.0762005,0,0.88296,0.00325,0
-0.075884,0,0.900715,0.00315,0
-0.0836393,0,0.921046,0.00315,0
-0.0888124,0,0.929441,0.003,0
-0.0755714,0,0.875011,0.0033,0
-0.0647847,0,0.88199,0.0033,0
-0.0759711,0,0.931235,0.00335,0
-0.0866994,0,0.93913,0.0031,0
-0.0729502,0,0.923476,0.00345,0
-0.0720826,0,0.915961,0.00345,0
-0.0525751,0,0.884829,0.0034,0
-0.0632298,0,0.890631,0.00345,0
-0.0667838,0,0.870796,0.00315,0
-0.055685,0,0.878369,0.00315,0
-0.0870796,0,0.874455,0.00335,0
-0.0925722,0,0.879216,0.0031,0
-0.0891512,0,0.903985,0.00305,0
-0.0595959,0,0.871171,0.0032,0
-0.0742875,0,0.867123,0.0035,0
-0.0643664,0,0.863845,0.003,0
-0.0574544,0,0.861833,0.0035,0
-0.0646394,0,0.926148,0.003,0
-0.0703404,0,0.938608,0.0031,0
-0.072985,0,0.859234,0.0033,0
-0.0613064,0,0.85235,0.0035,0
-0.0488714,0,0.858872,0.0032,0
-0.0501007,0,0.869382,0.003,0
-0.0487272,0,0.850892,0.0035,0
-0.0650552,0,0.906854,0.003,0
-0.061949,0,0.913578,0.00345,0
-0.0748151,0,0.850323,0.0032,0
-0.0838618,0,0.853514,0.0035,0
-0.0824426,0,0.860924,0.00335,0
-0.0465038,0,0.876378,0.00305,0
-0.0682196,0,0.89914,0.0033,0
-0.0596975,0,0.90118,0.00345,0
-0.0562676,0,0.908182,0.00305,0
-0.0497882,0,0.920186,0.00305,0
-0.0589205,0,0.92086,0.00325,0
-0.0473095,0,0.902564,0.003,0
-0.0565958,0,0.894131,0.0032,0
-0.0925652,0,0.868427,0.0034,0
-0.0439738,0,0.885941,0.0031,0
-0.0495869,0,0.891686,0.003,0
-0.054742,0,0.930035,0.00325,0
-0.0638815,0,0.933315,0.00325,0
-0.0380267,0,0.914929,0.0032,0
-0.0403434,0,0.928118,0.0035,0
-0.0621609,0,0.844433,0.0033,0
-0.0528198,0,0.841558,0.0034,0
-0.0444116,0,0.911206,0.0034,0
-0.0917022,0,0.856417,0.003,0
-0.0835348,0,0.844986,0.0035,0
-0.0927984,0,0.846747,0.0031,0
-0.0771864,0,0.8412,0.00305,0
-0.0359716,0,0.902231,0.00305,0
-0.0373635,0,0.893146,0.00315,0
-0.0732556,0,0.908587,0.003,0
-0.0924753,0,0.836246,0.0032,0
-0.0819548,0,0.830831,0.003,0
-0.0697471,0,0.843593,0.00345,0
-0.0817129,0,0.868026,0.0032,0
-0.0281749,0,0.89504,0.00335,0
-0.034719,0,0.881163,0.0033,0
-0.0293716,0,0.904945,0.0034,0
-0.0880903,0,0.827184,0.00305,0
-0.0383187,0,0.858387,0.00345,0
-0.0386964,0,0.842125,0.00315,0
-0.0400901,0,0.849273,0.00335,0
-0.0460175,0,0.837418,0.00305,0
-0.0567514,0,0.829903,0.003,0
-0.0722112,0,0.835391,0.0031,0
-0.0765043,0,0.823238,0.0035,0
-0.0851067,0,0.818807,0.00345,0
-0.0347207,0,0.874,0.00345,0
-0.0224498,0,0.882452,0.0032,0
-0.0316733,0,0.88773,0.00345,0
-0.0606317,0,0.940713,0.00315,0
-0.049382,0,0.943196,0.0033,0
-0.0460788,0,0.933322,0.0033,0
-0.0324805,0,0.846376,0.0031,0
-0.0292426,0,0.855876,0.0033,0
-0.0611657,0,0.83669,0.00325,0
-0.0652809,0,0.830047,0.00325,0
-0.0684517,0,0.814697,0.0034,0
-0.0772348,0,0.813725,0.0035,0
-0.0646637,0,0.82142,0.00345,0
-0.0194052,0,0.893027,0.0035,0
-0.0732166,0,0.945745,0.0031,0
-0.0775863,0,0.938649,0.0035,0
-0.0796131,0,0.948929,0.00335,0
-0.0395273,0,0.940186,0.00345,0
-0.0465375,0,0.952837,0.0031,0
-0.0562933,0,0.948534,0.00335,0
-0.0373927,0,0.949845,0.00315,0
-0.0421243,0,0.867316,0.00335,0
-0.0306025,0,0.8657,0.00345,0
-0.0100439,0,0.891763,0.00305,0
-0.00886257,0,0.900729,0.0033,0
-0.021527,0,0.904396,0.0034,0
-0.0493652,0,0.819992,0.0031,0
-0.0474021,0,0.828311,0.0033,0
-0.0571699,0,0.817912,0.0032,0
-0.0917438,0,0.815812,0.00305,0
-0.0842371,0,0.805994,0.00315,0
-0.0553634,0,0.956281,0.0034,0
-0.0512573,0,0.96425,0.003,0
-0.0409591,0,0.962971,0.00345,0
-0.0191575,0,0.852051,0.00315,0
-0.0231582,0,0.860938,0.00345,0
-0.0661471,0,0.947736,0.00305,0
-0.0179889,0,0.870049,0.00315,0
-0.0624274,0,0.959039,0.00335,0
-0.0708244,0,0.956726,0.00345,0
-0.0628453,0,0.966875,0.00315,0
-0.0108255,0,0.8466,0.00325,0
-0.0151554,0,0.839066,0.0035,0
-0.0240983,0,0.844922,0.00305,0
-0.0116692,0,0.86066,0.00315,0
-0.00927906,0,0.853742,0.0035,0
-0.0869725,0,0.948342,0.00305,0
-0.0790966,0,0.95686,0.0031,0
-0.0306105,0,0.83871,0.0033,0
-0.0923027,0,0.95311,0.003,0
-0.0866404,0,0.960187,0.00325,0
-0.0187179,0,0.914017,0.003,0
-0.0261359,0,0.913534,0.0034,0
-0.0760189,0,0.79634,0.0034,0
-0.0915689,0,0.806258,0.0034,0
-0.0741074,0,0.805106,0.0034,0
-0.0863602,0,0.799035,0.00315,0
-0.0383697,0,0.830853,0.0034,0
-0.0732347,0,0.967578,0.00345,0
-0.00505435,0,0.838995,0.0033,0
0.00228518,0,0.84483,0.00345,0
-0.00162499,0,0.852221,0.0035,0
-0.0286587,0,0.946032,0.003,0
-0.0326456,0,0.962711,0.0031,0
-0.0275516,0,0.955044,0.00345,0
-0.0122242,0,0.832278,0.00315,0
-0.0181408,0,0.827613,0.00335,0
-0.0241005,0,0.832089,0.003,0
-0.0253455,0,0.875926,0.0032,0
-0.0143313,0,0.877225,0.0034,0
-0.010403,0,0.883357,0.003,0
-0.0383242,0,0.820007,0.0031,0
-0.0522358,0,0.807965,0.00325,0
-0.0443781,0,0.81272,0.003,0
-0.0680262,0,0.795309,0.003,0
-0.0882941,0,0.789896,0.0032,0
-0.0734494,0,0.784638,0.0032,0
-0.0836381,0,0.784317,0.00305,0
-0.00459151,0,0.828364,0.0033,0
-0.0300942,0,0.823514,0.0031,0
-0.0126199,0,0.821266,0.0032,0
-0.0251467,0,0.81827,0.003,0
-0.0252049,0,0.920756,0.0034,0
-0.0426525,0,0.920485,0.0032,0
-0.0892771,0,0.970717,0.00305,0
-0.0824448,0,0.967962,0.00315,0
-0.0897406,0,0.77752,0.0035,0
-0.0314351,0,0.938143,0.0031,0
-0.036764,0,0.811791,0.00305,0
-0.0301678,0,0.808306,0.00315,0
-0.0433225,0,0.803128,0.00325,0
-0.0599347,0,0.803516,0.00325,0
-0.060877,0,0.810595,0.00305,0
-0.00559304,0,0.876927,0.0035,0
-0.00243393,0,0.893677,0.0033,0
-0.0107338,0,0.870139,0.0033,0
-0.0494889,0,0.974199,0.0035,0
-0.040537,0,0.970727,0.00345,0
-0.0334151,0,0.97186,0.003,0
0.00945374,0,0.854143,0.00305,0
0.00244849,0,0.835304,0.00335,0
0.0131383,0,0.837158,0.00335,0
0.00942878,0,0.844013,0.00315,0
0.00203498,0,0.858645,0.003,0
-0.0181228,0,0.942339,0.00315,0
-0.0172779,0,0.950958,0.0033,0
0.00735122,0,0.902681,0.00325,0
0.0100476,0,0.895157,0.00325,0
-0.000790097,0,0.885573,0.00335,0
-0.0340469,0,0.923454,0.00325,0
-0.00594922,0,0.954352,0.0032,0
-0.0118654,0,0.946292,0.00305,0
-0.024097,0,0.96165,0.0034,0
0.0227935,0,0.826741,0.00315,0
0.0243922,0,0.840376,0.00305,0
0.0172149,0,0.831201,0.00305,0
0.0179713,0,0.8448,0.003,0
-0.0277846,0,0.800831,0.00325,0
-0.0136177,0,0.809936,0.00335,0
-0.0505934,0,0.793036,0.0035,0
-0.0351962,0,0.792515,0.00305,0
0.00100077,0,0.873314,0.00345,0
-0.000660799,0,0.865538,0.00325,0
0.013229,0,0.882841,0.00305,0
0.0120755,0,0.908521,0.00345,0
0.0206327,0,0.903889,0.00345,0
0.0214055,0,0.896581,0.0034,0
0.0186653,0,0.88781,0.00305,0
-0.000494428,0,0.907217,0.0033,0
-0.0508268,0,0.800211,0.00345,0
0.0278914,0,0.908016,0.00315,0
0.0327059,0,0.896655,0.0032,0
0.0241667,0,0.916758,0.0035,0
-0.0229635,0,0.929134,0.00305,0
-0.0337646,0,0.931275,0.0035,0
0.00741486,0,0.824415,0.0031,0
0.0285728,0,0.833249,0.0031,0
0.00792079,0,0.887996,0.0031,0
0.0383689,0,0.823636,0.003,0
0.0372448,0,0.838663,0.0032,0
0.0345231,0,0.84915,0.003,0
0.024805,0,0.850295,0.0032,0
0.0419753,0,0.84762,0.003,0
0.0482177,0,0.834683,0.00345,0
0.0355321,0,0.830907,0.00305,0
-0.0357771,0,0.980205,0.0031,0
-0.0454173,0,0.981198,0.0034,0
0.0525333,0,0.828409,0.0032,0
0.0560879,0,0.835439,0.00335,0
0.047389,0,0.822486,0.0031,0
0.050492,0,0.846192,0.00325,0
-0.0222323,0,0.976729,0.00345,0
-0.0286988,0,0.983306,0.0031,0
0.0354728,0,0.908255,0.0033,0
0.0349954,0,0.917822,0.0031,0
0.0397091,0,0.902174,0.00305,0
-0.0121033,0,0.907139,0.0031,0
0.0181924,0,0.854615,0.003,0
0.0124659,0,0.862561,0.00325,0
0.0604436,0,0.843542,0.0035,0
0.063074,0,0.827906,0.0033,0
0.068656,0,0.833392,0.00335,0
0.0352238,0,0.926086,0.00315,0
0.0481948,0,0.918126,0.0034,0
0.0435596,0,0.929011,0.0032,0
0.0447491,0,0.911296,0.00315,0
0.024102,0,0.925538,0.00305,0
0.0102464,0,0.875926,0.00345,0
-0.00824122,0,0.799869,0.00305,0
-0.0202249,0,0.802716,0.003,0
-0.00824087,0,0.815298,0.003,0
-0.0222547,0,0.811469,0.0032,0
0.000105031,0,0.806998,0.00325,0
-0.000306658,0,0.814876,0.0034,0
-0.0499817,0,0.780625,0.00305,0
-0.0435664,0,0.78909,0.00345,0
-0.0606517,0,0.79625,0.00325,0
-0.0573052,0,0.781022,0.0031,0
0.00886934,0,0.817386,0.0033,0
0.0192443,0,0.817658,0.00345,0
-0.0919168,0,0.981852,0.0032,0
-0.0820073,0,0.976478,0.003,0
-0.0781163,0,0.98735,0.00325,0
-0.0696639,0,0.982031,0.00315,0
-0.0843481,0,0.983418,0.0035,0
-0.0901527,0,0.992237,0.003,0
-0.0159252,0,0.89965,0.0032,0
0.0697674,0,0.843777,0.0034,0
0.0797948,0,0.833031,0.00345,0
0.0708658,0,0.821422,0.0034,0
0.076433,0,0.840893,0.00345,0
-0.013216,0,0.964616,0.00305,0
-0.0788731,0,0.789722,0.0031,0
0.0537618,0,0.906811,0.00325,0
0.0564339,0,0.918616,0.00345,0
0.0518611,0,0.899872,0.00335,0
0.0904,0,0.83104,0.00335,0
0.0854773,0,0.822973,0.0031,0
0.0880607,0,0.841226,0.0034,0
0.0771304,0,0.825147,0.0034,0
-0.00186907,0,0.936566,0.00325,0
-0.0117675,0,0.932644,0.0033,0
-0.00172196,0,0.947554,0.0032,0
0.0529459,0,0.813415,0.0032,0
0.0385476,0,0.815098,0.0031,0
0.0565561,0,0.820016,0.00325,0
-0.000198953,0,0.925913,0.00305,0
-0.012181,0,0.921962,0.00345,0
-0.0184822,0,0.935077,0.00315,0
-0.0274886,0,0.792711,0.003,0
-0.0172525,0,0.795797,0.00305,0
0.0567577,0,0.850269,0.00335,0
0.0443331,0,0.858585,0.003,0
-0.058393,0,0.979147,0.0035,0
0.0865919,0,0.853954,0.0031,0
0.0766128,0,0.849181,0.0034,0
-0.0739523,0,0.975095,0.00315,0
-0.0658802,0,0.974568,0.00345,0
0.00643188,0,0.941724,0.00345,0
0.0085641,0,0.930161,0.0032,0
-0.0367235,0,0.780422,0.003,0
-0.0496318,0,0.770887,0.00335,0
-0.0430345,0,0.774224,0.0032,0
0.0222287,0,0.878087,0.00345,0
0.0299693,0,0.880617,0.003,0
0.0270438,0,0.891435,0.0033,0
-0.0351083,0,0.799822,0.00335,0
-0.0828416,0,0.773143,0.00315,0
0.0016161,0,0.914449,0.00305,0
0.0115279,0,0.922405,0.00305,0
0.0471208,0,0.808977,0.0031,0
0.0369948,0,0.885731,0.00315,0
0.0397719,0,0.894468,0.0034,0
0.0164366,0,0.927792,0.00325,0
0.0278144,0,0.867949,0.00305,0
0.0159253,0,0.869618,0.00305,0
0.0646788,0,0.855855,0.00305,0
0.0736331,0,0.855995,0.00325,0
-0.00883658,0,0.939326,0.0031,0
-0.0651026,0,0.788734,0.00305,0
-0.0867415,0,0.998557,0.0034,0
-0.0914989,0,1.0061,0.0032,0
-0.0839893,0,1.01228,0.00305,0
-0.0808763,0,0.994156,0.0034,0
-0.0779306,0,1.00842,0.00305,0
-0.0746564,0,1.00074,0.0033,0
-0.0192837,0,0.78872,0.0031,0
-0.0125093,0,0.78548,0.00335,0
-0.00707009,0,0.792119,0.00345,0
0.022857,0,0.933872,0.0031,0
0.0304891,0,0.935284,0.00305,0
-0.008859,0,0.914311,0.00305,0
0.0488801,0,0.893233,0.0035,0
0.0814675,0,0.865716,0.00315,0
-0.0922835,0,1.01739,0.0033,0
0.090725,0,0.816965,0.003,0
0.0782783,0,0.817806,0.00315,0
0.08537,0,0.811596,0.0031,0
0.0772664,0,0.807748,0.003,0
0.0701047,0,0.809429,0.0031,0
0.00616589,0,0.955505,0.00315,0
0.00358474,0,0.963787,0.0032,0
-0.00501955,0,0.966229,0.0032,0
0.0577904,0,0.927238,0.00345,0
0.00766693,0,0.807692,0.00305,0
0.000110634,0,0.822617,0.003,0
0.0358133,0,0.875366,0.0033,0
0.0876936,0,0.804572,0.00325,0
0.000704177,0,0.798265,0.00315,0
0.0112301,0,0.799449,0.0033,0
0.0556097,0,0.866278,0.0034,0
0.0543915,0,0.858934,0.00325,0
0.04575,0,0.865779,0.0035,0
0.0332745,0,0.860478,0.0031,0
0.0638192,0,0.876319,0.00325,0
0.0448089,0,0.874581,0.00315,0
0.0689531,0,0.864266,0.003,0
0.0513694,0,0.878664,0.003,0
-0.0576365,0,0.768628,0.00315,0
-0.0480719,0,0.758418,0.0034,0
-0.0373571,0,0.765039,0.0032,0
-0.0547986,0,0.761126,0.0032,0
0.0586489,0,0.803652,0.00315,0
0.0676731,0,0.800345,0.0035,0
-0.031475,0,0.773103,0.00315,0
0.0152888,0,0.945664,0.00325,0
0.0129115,0,0.966629,0.0033,0
0.0201692,0,0.974646,0.0033,0
0.0242416,0,0.963458,0.0035,0
0.0153074,0,0.958662,0.00305,0
0.00328073,0,0.973549,0.00305,0
0.0441267,0,0.887838,0.00335,0
0.0628063,0,0.810653,0.003,0
0.0787166,0,0.795877,0.00315,0
0.0708485,0,0.790218,0.00325,0
0.064095,0,0.79365,0.003,0
0.074397,0,0.869276,0.00335,0
0.0860225,0,0.878303,0.00325,0
0.0750579,0,0.877306,0.00345,0
0.0869565,0,0.861148,0.00325,0
0.0928343,0,0.873792,0.0031,0
0.0515935,0,0.795955,0.0034,0
-0.0666426,0,1.0046,0.0032,0
-0.0722618,0,0.992807,0.0031,0
-0.0658705,0,0.996678,0.0031,0
-0.0261243,0,0.968651,0.00345,0
0.0590257,0,0.899513,0.003,0
0.0674461,0,0.904545,0.003,0
0.0608309,0,0.910752,0.0035,0
0.0115025,0,0.982048,0.0031,0
-0.00169232,0,0.984699,0.0035,0
-0.0103945,0,0.97545,0.0033,0
-0.00319878,0,0.784449,0.0034,0
-0.0130457,0,0.777763,0.00315,0
-0.0218901,0,0.777932,0.00335,0
-0.00638325,0,0.77508,0.0033,0
0.0820565,0,0.889003,0.0033,0
0.0893625,0,0.886147,0.003,0
0.0808739,0,0.873038,0.0035,0
-0.0177359,0,0.9844,0.0034,0
-0.00974937,0,0.984997,0.00325,0
0.0777698,0,0.900289,0.00335,0
0.0814719,0,0.906666,0.00305,0
0.066308,0,0.894157,0.0035,0
0.0696979,0,0.918081,0.00335,0
0.00526696,0,0.789565,0.0033,0
0.0146899,0,0.810227,0.0033,0
0.0305831,0,0.816817,0.00315,0
0.0245571,0,0.8051,0.00315,0
0.0862758,0,0.796922,0.0034,0
0.0340024,0,0.805592,0.00345,0
0.029733,0,0.824751,0.0035,0
-0.0265376,0,0.764651,0.0034,0
-0.0190478,0,0.765163,0.00305,0
-0.0289311,0,0.782153,0.00345,0
0.0310163,0,0.796642,0.00335,0
0.0199461,0,0.797055,0.00315,0
0.0377273,0,0.86825,0.0032,0
0.04978,0,0.853464,0.0032,0
0.0874358,0,0.789729,0.0033,0
0.0618909,0,0.887092,0.00345,0
0.0692661,0,0.883886,0.0035,0
-0.075381,0,0.77461,0.00335,0
-0.0897495,0,0.764726,0.0033,0
-0.0776361,0,0.766632,0.00305,0
-0.0702297,0,1.01499,0.00335,0
-0.0768877,0,1.01913,0.00345,0
-0.0867818,0,1.02319,0.00325,0
-0.0558649,0,0.970882,0.00325,0
-0.0522292,0,0.984,0.0033,0
0.00257212,0,0.765046,0.0034,0
-0.00827768,0,0.761377,0.00335,0
0.00461615,0,0.776617,0.00305,0
0.0410001,0,0.801278,0.003,0
0.0927283,0,0.893501,0.0031,0
0.0856066,0,0.89688,0.00305,0
0.0917576,0,0.901899,0.0035,0
0.0742856,0,0.893054,0.00325,0
0.0876972,0,0.910583,0.0032,0
-0.0883991,0,1.03053,0.003,0
0.0731962,0,0.908974,0.0032,0
0.0788473,0,0.91586,0.00335,0
0.0871823,0,0.917953,0.003,0
0.092458,0,0.866261,0.00305,0
-0.0858804,0,0.754642,0.0031,0
-0.0826672,0,0.761435,0.00325,0
0.0230868,0,0.861141,0.0035,0
0.0315311,0,0.961632,0.0035,0
0.0327781,0,0.970337,0.0034,0
0.0224762,0,0.952568,0.0031,0
0.0276431,0,0.976569,0.0034,0
0.0301903,0,0.953671,0.0034,0
0.0171462,0,0.78525,0.0032,0
-0.0170947,0,0.756322,0.00345,0
-0.0366147,0,0.756656,0.0034,0
-0.038533,0,0.988028,0.00335,0
-0.0318069,0,0.993318,0.00335,0
-0.0198134,0,0.99212,0.00325,0
0.0535404,0,0.887609,0.0033,0
-0.0461567,0,0.989874,0.00335,0
0.0231073,0,0.945109,0.0033,0
-0.0657936,0,0.777506,0.00345,0
0.0128864,0,0.974357,0.00345,0
-0.0573455,0,0.788346,0.00315,0
-0.00221082,0,0.750323,0.0032,0
-0.0118315,0,0.751392,0.003,0
-0.0535565,0,0.996739,0.00315,0
-0.0614644,0,0.98574,0.0034,0
0.00881515,0,0.948779,0.00315,0
0.0814472,0,0.778614,0.0033,0
0.0928477,0,0.782493,0.00315,0
0.0782192,0,0.78831,0.0032,0
-0.0665284,0,0.759862,0.00305,0
0.04293,0,0.787134,0.00335,0
0.0548589,0,0.788459,0.003,0
0.0378814,0,0.792354,0.00345,0
0.0281007,0,0.784653,0.0034,0
-0.053717,0,1.0072,0.0035,0
-0.0621305,0,1.01433,0.0035,0
-0.0129129,0,0.769345,0.0035,0
-0.0274257,0,0.751135,0.0034,0
-0.0191444,0,0.746915,0.00345,0
0.0368043,0,0.780407,0.0033,0
0.0301658,0,0.772197,0.00325,0
0.0204843,0,0.775344,0.00325,0
-0.0419012,0,0.996173,0.0034,0
0.00954822,0,0.745592,0.0033,0
0.00468189,0,0.739436,0.00335,0
-0.00769453,0,0.737369,0.0035,0
0.00579122,0,0.752446,0.0034,0
-0.0071003,0,0.745017,0.0033,0
-0.0173524,0,0.970686,0.0033,0
0.0423204,0,0.968577,0.0032,0
0.0351866,0,0.977477,0.00345,0
-0.0733129,0,0.753017,0.00345,0
-0.0693562,0,0.768875,0.0031,0
-0.0673835,0,0.746127,0.0032,0
-0.0582693,0,0.748671,0.0032,0
0.0011887,0,0.732901,0.0034,0
-0.0133202,0,0.731875,0.0032,0
-0.00809436,0,0.723977,0.0035,0
-0.018909,0,0.737154,0.00305,0
-0.0497988,0,0.739483,0.00345,0
-0.0576418,0,0.73937,0.0032,0
-0.0455048,0,0.748278,0.0032,0
0.0110126,0,0.762792,0.00345,0
0.0158829,0,0.754835,0.0034,0
0.0724801,0,0.781973,0.00345,0
0.0184881,0,0.984403,0.00345,0
0.00834638,0,0.995923,0.0032,0
0.00444555,0,0.989553,0.00345,0
0.0170749,0,0.992441,0.0035,0
0.0420599,0,0.961335,0.00335,0
0.0401441,0,0.94477,0.00305,0
0.0389495,0,0.951893,0.00345,0
0.030282,0,0.944615,0.0031,0
-0.0787685,0,1.03581,0.003,0
-0.0768665,0,1.02679,0.0033,0
-0.086963,0,1.03908,0.003,0
0.0696611,0,0.930572,0.0032,0
0.0626568,0,0.935647,0.00315,0
-0.0243392,0,0.73062,0.0035,0
0.0454659,0,0.775935,0.00335,0
0.0526603,0,0.777816,0.00325,0
-0.0397019,0,0.743002,0.00325,0
-0.0345486,0,0.749584,0.0031,0
-0.045043,0,0.733644,0.00315,0
-0.0544247,0,0.732906,0.0034,0
-0.0694496,0,0.737553,0.003,0
-0.0618695,0,0.726818,0.00305,0
-0.0136475,0,0.996206,0.0034,0
-0.0666961,0,1.02409,0.0033,0
0.0127481,0,0.936332,0.00315,0
0.0388305,0,0.934974,0.00305,0
0.0506885,0,0.929748,0.00315,0
0.0628562,0,0.921921,0.00315,0
-0.022959,0,1.00125,0.00345,0
-0.014521,0,1.0037,0.0031,0
-0.00659649,0,0.99441,0.00315,0
-0.0644334,0,1.03377,0.0033,0
-0.0719129,0,1.0394,0.0031,0
0.0264317,0,0.993612,0.00345,0
0.0115842,0,1.00518,0.003,0
0.0187015,0,1.00057,0.00315,0
0.0264212,0,1.0009,0.003,0
0.0442138,0,0.976203,0.00315,0
-0.0680843,0,0.719716,0.00325,0
-0.0732334,0,0.727952,0.0035,0
-0.0585713,0,0.71953,0.00305,0
0.0293039,0,0.983755,0.003,0
0.0390528,0,0.770195,0.0032,0
-0.0279909,0,0.742269,0.00305,0
-0.0301663,0,0.735167,0.003,0
-0.0770345,0,1.04498,0.00345,0
-0.0852808,0,1.04612,0.0034,0
0.0469074,0,0.76782,0.00305,0
0.0315703,0,0.762183,0.0033,0
-0.0754668,0,0.743687,0.003,0
-0.0768091,0,0.736322,0.00315,0
-0.0833382,0,0.740073,0.00325,0
0.0127838,0,0.790945,0.0033,0
0.0569784,0,0.768383,0.003,0
0.0624449,0,0.778436,0.00325,0
0.054989,0,0.973102,0.00335,0
0.0519073,0,0.961731,0.0034,0
0.034266,0,0.989015,0.00345,0
0.0110129,0,0.735727,0.00335,0
0.0102188,0,0.727508,0.00305,0
-0.000733264,0,0.758305,0.0034,0
-0.0204107,0,0.724194,0.00305,0
-0.0375152,0,0.736094,0.00335,0
0.02383,0,0.767898,0.0034,0
0.00818358,0,0.769506,0.00335,0
0.021126,0,0.760033,0.0031,0
0.0165123,0,0.767846,0.00305,0
-0.035471,0,0.724852,0.0033,0
-0.0880894,0,0.734577,0.0033,0
-0.0814798,0,0.728254,0.00315,0
0.000685312,0,0.721161,0.0031,0
-0.0168171,0,0.713324,0.0031,0
-0.00121184,0,0.7127,0.0034,0
-0.00875404,0,0.716603,0.00315,0
0.00882033,0,0.915341,0.0031,0
0.0782496,0,0.9288,0.00325,0
-0.0507934,0,0.725167,0.00325,0
-0.0429511,0,0.722416,0.0032,0
-0.0438873,0,0.714303,0.00345,0
-0.0507431,0,0.711303,0.0034,0
-0.0368167,0,0.716051,0.0032,0
0.0564499,0,0.942227,0.00305,0
0.0467032,0,0.936258,0.003,0
0.0441154,0,0.76095,0.00315,0
0.0339058,0,0.751941,0.0034,0
0.0211036,0,0.720813,0.0035,0
0.0178376,0,0.728773,0.00325,0
0.0134553,0,0.71658,0.003,0
0.0114326,0,0.779681,0.003,0
0.00455403,0,1.00255,0.0035,0
-0.00258522,0,1.00443,0.0032,0
-0.0574199,0,1.01991,0.00345,0
0.0637043,0,0.820454,0.0033,0
-0.0292911,0,0.719466,0.0035,0
0.0653706,0,0.948145,0.00315,0
0.0720251,0,0.943555,0.00325,0
0.0413338,0,0.983439,0.0031,0
-0.0501519,0,1.02017,0.003,0
-0.0591943,0,1.00131,0.0031,0
0.0871496,0,0.92687,0.0033,0
-0.0541605,0,0.937182,0.0031,0
0.0470667,0,0.946982,0.0033,0
0.0409187,0,0.754419,0.0034,0
0.0327199,0,0.741386,0.0034,0
0.0265294,0,0.748857,0.00325,0
0.0405728,0,0.741113,0.0032,0
0.0187891,0,0.740736,0.0034,0
0.0563219,0,0.952043,0.00305,0
0.0909223,0,0.775102,0.00335,0
0.0286319,0,0.730854,0.0032,0
0.0302894,0,0.722685,0.0032,0
0.0200764,0,0.706597,0.0033,0
0.0268224,0,0.714096,0.0031,0
-0.0876143,0,0.746812,0.003,0
0.046997,0,0.954507,0.0035,0
0.0371851,0,0.715404,0.00335,0
0.0320882,0,0.708529,0.0035,0
-0.0801361,0,0.74956,0.0035,0
-0.0460006,0,1.00239,0.0032,0
0.034256,0,0.996332,0.003,0
0.03418,0,1.00358,0.00315,0
-0.0414821,0,1.01207,0.003,0
0.0405513,0,0.708905,0.00335,0
0.0483399,0,0.715791,0.0034,0
0.0398137,0,0.728231,0.00325,0
-0.0590191,0,0.711879,0.00335,0
-0.0651529,0,0.708028,0.00305,0
-0.0754663,0,0.71226,0.00345,0
0.0536772,0,0.742977,0.0035,0
0.0470132,0,0.734178,0.0035,0
0.0478894,0,0.749937,0.00305,0
0.0752544,0,0.958265,0.00325,0
0.0661866,0,0.958541,0.0034,0
0.0777146,0,0.949925,0.0032,0
0.074178,0,0.769639,0.0034,0
0.0845953,0,0.771603,0.003,0
0.0846944,0,0.95818,0.0035,0
0.0772888,0,0.937521,0.00305,0
0.0849732,0,0.948219,0.0032,0
0.0084751,0,0.710941,0.00335,0
0.0511801,0,0.982821,0.003,0
0.0434012,0,0.994451,0.00305,0
0.0198226,0,1.01458,0.0035,0
0.01086,0,1.01247,0.00335,0
-0.0917286,0,1.05754,0.0033,0
-0.081979,0,1.05727,0.0035,0
-0.091951,0,1.04878,0.00305,0
0.0456871,0,1.00244,0.0033,0
0.0531087,0,0.991828,0.00345,0
0.0552049,0,0.999385,0.0031,0
0.00922556,0,0.703138,0.00305,0
0.0586901,0,0.965213,0.0032,0
0.0684944,0,0.965476,0.0035,0
-0.0753302,0,0.720495,0.00305,0
0.0611282,0,0.73465,0.0033,0
0.0620343,0,0.746186,0.00325,0
0.0574525,0,0.756146,0.0035,0
-0.0725595,0,1.05102,0.0034,0
-0.0821741,0,1.06672,0.00345,0
-0.0903924,0,1.06718,0.0032,0
-0.00103114,0,1.01307,0.00315,0
0.0468821,0,0.70149,0.0031,0
0.0388542,0,0.701753,0.00315,0
0.0533856,0,0.707298,0.00345,0
0.0904149,0,0.935294,0.0035,0
0.0905048,0,0.942473,0.00315,0
-0.0288,0,0.711847,0.00305,0
-0.0392731,0,0.703814,0.0032,0
-0.0214158,0,0.707413,0.00335,0
-0.0266568,0,0.700153,0.00305,0
-0.0340391,0,0.698634,0.00335,0
-0.055959,0,1.03205,0.0033,0
-0.0409666,0,1.02148,0.00305,0
0.0465973,0,0.725335,0.00335,0
-0.0064749,0,0.706673,0.00325,0
0.00239632,0,0.700529,0.0032,0
-0.0138384,0,0.706281,0.0031,0
0.0730171,0,0.976938,0.0032,0
0.0766818,0,0.966434,0.0035,0
0.0632513,0,0.974394,0.00335,0
0.0752316,0,0.74751,0.0031,0
0.0669447,0,0.756563,0.0035,0
0.0689401,0,0.733972,0.0031,0
0.0512873,0,1.01057,0.003,0
0.040595,0,1.00751,0.00315,0
0.0450149,0,1.01426,0.003,0
-0.0556537,0,0.703372,0.00305,0
-0.0484185,0,0.703709,0.003,0
-0.0546038,0,0.69557,0.00325,0
-0.0448241,0,0.693762,0.00325,0
0.0642572,0,0.770704,0.00315,0
-0.0305355,0,0.685815,0.0031,0
-0.0243743,0,0.692688,0.003,0
0.0800427,0,0.759874,0.00335,0
0.0874247,0,0.758612,0.00315,0
0.0901067,0,0.766513,0.0031,0
0.0615584,0,0.985044,0.0035,0
0.0699261,0,0.986388,0.00305,0
0.0766494,0,0.983407,0.0034,0
0.0856965,0,0.9815,0.0034,0
-0.0495552,0,1.02814,0.0035,0
-0.0585917,0,1.04217,0.00325,0
-0.050509,0,1.03882,0.0033,0
0.0809918,0,0.973139,0.003,0
0.0890546,0,0.965826,0.003,0
-0.0617149,0,1.05252,0.00305,0
-0.0444662,0,1.04263,0.0031,0
-0.0527059,0,1.04828,0.0033,0
-0.0672743,0,1.04492,0.00305,0
0.063423,0,1.00541,0.00315,0
0.0551158,0,1.01813,0.00305,0
0.0589398,0,1.01103,0.0032,0
0.0191226,0,0.748368,0.0033,0
0.0627818,0,0.997912,0.00305,0
0.0696846,0,1.01393,0.00335,0
0.0764703,0,1.00095,0.0034,0
0.0433041,0,0.692784,0.003,0
0.0331668,0,0.696748,0.00335,0
0.026363,0,0.702656,0.0035,0
-0.00987361,0,0.699132,0.00345,0
-0.0183797,0,0.69949,0.0031,0
-0.0337814,0,0.675984,0.00305,0
-0.0216954,0,0.68417,0.0031,0
-0.0401549,0,0.688088,0.00315,0
0.0915724,0,0.950964,0.00315,0
-0.0443746,0,1.03349,0.00335,0
0.065338,0,0.723178,0.00305,0
0.0804476,0,0.731702,0.00325,0
0.0806336,0,0.739339,0.0034,0
0.0738201,0,0.727714,0.00325,0
0.0703257,0,0.741107,0.00335,0
-0.0386477,0,1.00372,0.00335,0
-0.0783014,0,1.0804,0.0033,0
-0.0837481,0,1.07396,0.00305,0
-0.0691523,0,1.06093,0.00315,0
0.0541459,0,0.727538,0.0031,0
-0.0895504,0,1.07965,0.00305,0
0.00288763,0,1.02171,0.00305,0
-0.00771879,0,1.01875,0.0033,0
0.0451176,0,1.02274,0.0035,0
-0.0214411,0,1.00831,0.003,0
-0.0287094,0,1.00771,0.00335,0
-0.0301047,0,1.00064,0.0033,0
0.0169059,0,0.914304,0.0035,0
-0.0342588,0,0.66433,0.00315,0
-0.0239032,0,0.668724,0.00345,0
-0.0402876,0,0.67116,0.0035,0
-0.0248847,0,0.677287,0.00325,0
-0.0458915,0,0.681415,0.0035,0
-0.0493307,0,0.670563,0.0032,0
-0.0418779,0,0.663457,0.0034,0
-0.052297,0,0.677117,0.00325,0
-0.0306332,0,1.01988,0.00305,0
-0.0355649,0,1.03408,0.00305,0
-0.016729,0,1.01414,0.003,0
0.0161544,0,1.02111,0.0034,0
0.0292635,0,1.01714,0.0033,0
0.0250668,0,1.00951,0.0035,0
0.0254291,0,1.02762,0.00315,0
0.0820459,0,0.993733,0.0031,0
0.0746112,0,0.993148,0.00305,0
0.0822372,0,0.721912,0.00325,0
0.0891087,0,0.735421,0.00345,0
0.0823303,0,1.00918,0.00335,0
0.0856351,0,1.00154,0.0035,0
0.0604251,0,0.717341,0.00315,0
0.0546081,0,0.697446,0.00325,0
0.0653073,0,0.706264,0.003,0
0.0728801,0,0.718425,0.00345,0
0.0542161,0,1.03103,0.00315,0
0.0353914,0,1.03158,0.00345,0
0.0431634,0,1.03266,0.00315,0
0.0376211,0,1.01762,0.0034,0
0.0646484,0,0.785426,0.0035,0
-0.0755985,0,1.07157,0.0035,0
0.0876335,0,0.988445,0.00345,0
-0.0337639,0,1.04478,0.003,0
-0.0265338,0,1.03622,0.00335,0
0.0832065,0,0.751117,0.003,0
0.0884269,0,0.742612,0.00335,0
-0.0871115,0,0.718114,0.0035,0
-0.0533683,0,0.657987,0.00315,0
-0.0388811,0,0.652434,0.0032,0
0.041601,0,0.921211,0.00325,0
-0.0680032,0,0.697466,0.00345,0
-0.0588658,0,0.683709,0.00345,0
-0.0644252,0,0.690459,0.00335,0
0.011949,0,1.02886,0.00325,0
-0.000391744,0,1.03184,0.0031,0
-0.00775486,0,1.02604,0.00335,0
0.0907385,0,0.749831,0.00345,0
0.015721,0,1.04087,0.00345,0
0.00834952,0,1.03731,0.0031,0
0.0222347,0,1.03446,0.0031,0
0.0678515,0,0.763809,0.003,0
-0.00249099,0,0.694447,0.00335,0
-0.0131113,0,0.691735,0.0034,0
-0.00645106,0,0.687632,0.00345,0
0.0141266,0,0.696322,0.0035,0
0.00870904,0,0.690631,0.00335,0
-0.0679209,0,1.08133,0.00305,0
-0.0649669,0,1.06844,0.00345,0
-0.0312103,0,0.654266,0.003,0
0.0256507,0,0.691964,0.0031,0
0.0270794,0,0.684807,0.0034,0
0.0349637,0,0.685949,0.00345,0
-0.0437405,0,1.05663,0.00315,0
-0.0588065,0,1.05923,0.00305,0
0.0322388,0,1.0407,0.0033,0
-0.0146644,0,1.02256,0.00305,0
-0.0208011,0,1.02632,0.0034,0
-0.0342981,0,1.02682,0.00305,0
0.0907771,0,0.97519,0.0033,0
0.0921076,0,0.958558,0.0032,0
-0.0158716,0,1.03338,0.0032,0
0.0529851,0,0.687277,0.0032,0
0.0620289,0,0.697943,0.00315,0
0.06494,0,0.689985,0.0032,0
0.0630918,0,0.681592,0.0035,0
0.0519522,0,0.679136,0.00345,0
0.0435339,0,0.677158,0.00315,0
0.00101329,0,1.04264,0.00325,0
-0.00772339,0,1.03828,0.00305,0
0.0928755,0,0.723558,0.00305,0
0.0256395,0,0.738508,0.0033,0
0.0772858,0,0.70753,0.00335,0
-0.0629773,0,0.670616,0.0033,0
-0.0575591,0,0.665151,0.0032,0
-0.0254657,0,1.01436,0.0035,0
-0.011885,0,1.04579,0.00305,0
-0.0204551,0,1.04113,0.0035,0
-0.0137095,0,0.671749,0.0035,0
-0.0162738,0,0.678827,0.00335,0
-0.00687807,0,0.678779,0.00335,0
-0.049528,0,0.650894,0.0032,0
-0.0343219,0,0.642275,0.0035,0
-0.0424867,0,0.641931,0.0031,0
-0.0286061,0,0.647015,0.0031,0
0.0341315,0,1.01086,0.0035,0
-0.0406194,0,1.04943,0.003,0
-0.00759231,0,1.0519,0.0032,0
-0.078373,0,1.09073,0.00335,0
-0.0701809,0,1.08911,0.00335,0
0.00170211,0,0.672199,0.00345,0
0.0020383,0,0.683293,0.00305,0
0.0072501,0,0.678146,0.00325,0
-0.00342327,0,0.665684,0.0031,0
0.0611285,0,0.66934,0.0034,0
0.0707785,0,0.685595,0.0032,0
0.0736954,0,0.672473,0.0034,0
0.0766642,0,0.680851,0.00325,0
-0.0450625,0,0.764966,0.00305,0
-0.0612399,0,0.645699,0.0032,0
-0.0616718,0,0.653587,0.0033,0
-0.0528028,0,0.639744,0.0032,0
-0.0684306,0,0.678243,0.00325,0
-0.0928677,0,0.727957,0.00325,0
-0.0228987,0,0.661379,0.003,0
0.0703792,0,0.659213,0.0031,0
0.0781622,0,0.664173,0.00315,0
0.0809733,0,0.671997,0.0035,0
0.0666409,0,0.674555,0.00315,0
0.0729184,0,0.651963,0.00335,0
0.0636429,0,0.654785,0.00335,0
0.0662211,0,0.645618,0.003,0
0.0817925,0,0.65772,0.0031,0
-0.0410618,0,0.633173,0.00345,0
-0.0494006,0,0.630168,0.00335,0
-0.0324551,0,0.633812,0.0035,0
0.0916394,0,0.662848,0.00305,0
0.0891759,0,0.678337,0.0033,0
0.0679282,0,0.666551,0.00325,0
-0.0771874,0,0.702448,0.0035,0
0.0812007,0,0.649368,0.0034,0
0.0805729,0,0.641837,0.00305,0
0.0728158,0,0.640459,0.00345,0
0.0303221,0,0.678254,0.003,0
0.0158943,0,0.676611,0.00325,0
0.0190816,0,0.687407,0.00345,0
-0.0216604,0,1.05585,0.0032,0
-0.0102556,0,1.00982,0.0031,0
-0.0641438,0,0.661654,0.00305,0
-0.0709062,0,0.666842,0.00305,0
0.0127337,0,0.683566,0.003,0
0.0538456,0,0.667963,0.00345,0
0.0903099,0,0.716069,0.00325,0
-0.0668536,0,1.09676,0.0033,0
-0.059365,0,1.09662,0.0035,0
-0.0733551,0,1.10183,0.00335,0
-0.0192353,0,0.650888,0.00345,0
-0.010845,0,1.05951,0.00315,0
-0.0241774,0,1.04773,0.00305,0
0.0928445,0,0.687471,0.0031,0
-0.0585103,0,1.10616,0.00345,0
-0.0612047,0,1.08735,0.00345,0
-0.0691497,0,1.10924,0.0035,0
-0.0850798,0,0.706528,0.00315,0
0.0814485,0,0.634719,0.00345,0
0.0881073,0,0.630013,0.00345,0
0.0742866,0,0.632128,0.00345,0
0.0911704,0,0.650319,0.003,0
0.0116099,0,0.666511,0.0032,0
-0.0525624,0,0.687821,0.00315,0
-0.0771263,0,0.689142,0.00305,0
-0.0895604,0,1.09217,0.0033,0
-0.086454,0,1.10066,0.0035,0
0.0179521,0,1.0478,0.00345,0
0.00948596,0,1.04491,0.0031,0
-0.0840335,0,1.08468,0.00325,0
-0.0701788,0,0.685196,0.00315,0
-0.0398853,0,0.620209,0.00305,0
-0.0510145,0,0.6231,0.00325,0
-0.0302778,0,0.625213,0.00335,0
0.0913459,0,0.642684,0.0035,0
-0.0251509,0,0.635948,0.003,0
0.0218352,0,0.670943,0.003,0
0.0888551,0,0.669743,0.0034,0
0.0721142,0,0.693337,0.00305,0
0.0865904,0,0.69992,0.00315,0
0.0783718,0,0.697683,0.0031,0
0.0708218,0,0.701117,0.0031,0
0.0849561,0,0.708915,0.00345,0
-0.0520608,0,1.06172,0.0032,0
0.072472,0,1.00712,0.0031,0
0.0032955,0,1.05648,0.00325,0
0.0649412,0,1.02049,0.0034,0
0.0906224,0,0.996063,0.00345,0
0.0349485,0,0.672209,0.0034,0
0.0151954,0,0.824029,0.00345,0
0.0425281,0,0.669918,0.0032,0
0.0467711,0,0.663393,0.00325,0
-0.00558992,0,1.06471,0.00315,0
-0.0164243,0,1.06925,0.0032,0
0.0015639,0,1.06479,0.00315,0
0.0548562,0,1.03968,0.0031,0
0.0632042,0,1.03823,0.0034,0
0.0618853,0,1.02873,0.0033,0
-0.0302,0,1.05244,0.00325,0
0.0593061,0,0.643413,0.00345,0
0.063941,0,0.637818,0.0031,0
-0.0478324,0,1.10141,0.003,0
-0.0519787,0,1.09262,0.0031,0
-0.0771364,0,0.671163,0.0032,0
-0.0767252,0,0.679351,0.00315,0
-0.0455263,0,0.656986,0.00345,0
0.040806,0,1.04555,0.00345,0
-0.0526046,0,1.08443,0.0032,0
0.0551976,0,0.633292,0.0032,0
0.0488662,0,0.642552,0.00315,0
0.0525645,0,0.652428,0.00345,0
0.0699809,0,1.03538,0.0033,0
0.0742492,0,1.02419,0.00335,0
0.0464417,0,1.03969,0.0034,0
0.0423661,0,0.656792,0.0032,0
0.0572161,0,0.65822,0.0035,0
0.0261664,0,0.663166,0.0031,0
0.0352924,0,0.661243,0.00345,0
-0.014234,0,0.658365,0.0035,0
0.0685,0,1.04742,0.00315,0
0.0800643,0,1.04408,0.00335,0
0.0783486,0,1.03232,0.00335,0
0.0615782,0,1.04557,0.00335,0
-0.0238441,0,1.06431,0.0034,0
-0.000660911,0,1.05011,0.00335,0
0.0185397,0,0.664336,0.003,0
0.0785278,0,0.688279,0.00325,0
0.0652046,0,0.628642,0.0031,0
0.0896624,0,1.00765,0.0033,0
0.0138108,0,1.054,0.00345,0
0.00914814,0,1.06104,0.00335,0
0.0408754,0,0.647196,0.00325,0
0.0325597,0,0.648202,0.00325,0
-0.0593545,0,1.07625,0.00345,0
-0.0496286,0,1.07131,0.0032,0
-0.0495926,0,1.1089,0.003,0
-0.0552339,0,1.1175,0.00305,0
-0.0619501,0,1.1136,0.0034,0
0.0780158,0,1.05605,0.00345,0
0.0627289,0,1.05633,0.00325,0
0.0770533,0,1.01653,0.0032,0
0.0759678,0,0.623778,0.00305,0
0.0892416,0,0.619344,0.0033,0
0.0713972,0,0.612157,0.003,0
0.0803787,0,0.614565,0.0034,0
0.067774,0,0.621767,0.0032,0
0.0849282,0,1.0186,0.00345,0
-0.0704961,0,0.65737,0.00325,0
-0.082056,0,0.659562,0.00305,0
0.0383554,0,0.639158,0.003,0
0.0470841,0,0.634209,0.0035,0
-0.0565215,0,0.628908,0.00315,0
-0.060146,0,0.621668,0.0032,0
-0.0624954,0,0.635605,0.00305,0
0.0240955,0,0.654382,0.00315,0
-0.0657695,0,1.12101,0.0032,0
-0.0750312,0,1.11418,0.0032,0
-0.0582055,0,1.12655,0.0032,0
-0.00243279,0,1.07709,0.00305,0
-0.0107287,0,1.07447,0.0033,0
0.0797767,0,0.714386,0.0031,0
0.0334009,0,1.05068,0.00315,0
0.0426565,0,1.05374,0.003,0
0.0492257,0,1.04847,0.00315,0
-0.0386103,0,1.1023,0.0032,0
-0.0483304,0,1.12053,0.0035,0
-0.0420042,0,1.11031,0.00335,0
-0.0675713,0,0.64918,0.003,0
-0.0222411,0,1.07595,0.0035,0
-0.0359842,0,1.06251,0.0033,0
-0.0310317,0,1.07435,0.00325,0
-0.0836372,0,0.684625,0.0031,0
-0.0202472,0,0.6304,0.0031,0
0.0468673,0,0.622715,0.00345,0
0.0399182,0,0.631146,0.00315,0
-0.0407012,0,1.13109,0.00335,0
-0.03486,0,1.12016,0.00335,0
-0.0529273,0,1.13343,0.0034,0
0.0349615,0,0.734472,0.00335,0
-0.0107535,0,0.643988,0.0032,0
-0.00502435,0,0.651891,0.0035,0
-0.0614746,0,1.13581,0.003,0
-0.0561495,0,1.14303,0.00315,0
-0.042992,0,1.13921,0.0032,0
-0.0420901,0,1.07242,0.00305,0
-0.0760679,0,0.646814,0.0031,0
0.0211792,0,0.642658,0.003,0
0.0108653,0,0.651102,0.0032,0
0.00413276,0,0.643663,0.0034,0
-0.000748754,0,0.657703,0.003,0
0.0159985,0,0.656487,0.0033,0
0.0149306,0,0.637961,0.00325,0
0.0342177,0,0.616979,0.00345,0
0.0384448,0,0.623588,0.00325,0
0.0542962,0,0.625472,0.0035,0
0.0484089,0,0.610339,0.0031,0
0.0586615,0,0.618961,0.0035,0
0.0409249,0,0.612596,0.003,0
0.0547021,0,1.05571,0.00305,0
0.0870862,0,0.692048,0.00335,0
-0.0866382,0,0.697145,0.00315,0
-0.0159439,0,1.08071,0.00335,0
0.00644819,0,1.07111,0.00315,0
0.00598419,0,1.08129,0.00305,0
-0.00256298,0,1.08595,0.00305,0
0.0287651,0,0.625307,0.0034,0
0.0289568,0,0.638749,0.0035,0
0.0265723,0,0.611865,0.00315,0
0.0206512,0,0.618949,0.00305,0
0.036525,0,0.603839,0.0034,0
0.0860219,0,1.02601,0.00325,0
0.0859312,0,1.03433,0.00325,0
-0.0143832,0,0.635473,0.0031,0
-0.0198805,0,0.641165,0.003,0
-0.0309179,0,0.612382,0.003,0
-0.0512126,0,0.615281,0.0034,0
-0.0440639,0,0.612594,0.00335,0
-0.0378059,0,0.60703,0.00315,0
0.0922034,0,1.02238,0.00315,0
-0.00461825,0,0.63261,0.0034,0
-0.0107724,0,0.626123,0.0034,0
0.0644108,0,1.06915,0.00325,0
0.0718707,0,1.06668,0.003,0
0.0532118,0,1.06599,0.0033,0
-0.0698076,0,1.14497,0.0032,0
-0.0687283,0,1.13652,0.0034,0
-0.0715322,0,1.127,0.0034,0
-0.0627789,0,1.14867,0.00335,0
-0.08138,0,1.12462,0.0034,0
-0.0850803,0,1.11657,0.00345,0
-0.0808248,0,1.10862,0.0032,0
-0.0664212,0,1.15583,0.0035,0
-0.0607685,0,1.1609,0.003,0
-0.0528999,0,1.15322,0.0032,0
-0.0473292,0,1.12793,0.00305,0
-0.0781421,0,1.13372,0.00315,0
0.0444265,0,1.06352,0.00315,0
0.00521946,0,0.662099,0.0033,0
-0.0875,0,0.648848,0.00305,0
-0.0781906,0,0.639565,0.0035,0
-0.0718616,0,0.63516,0.0034,0
-0.0678467,0,0.641233,0.00325,0
-0.0878555,0,0.639572,0.0033,0
-0.066606,0,0.627696,0.0033,0
-0.0620945,0,0.609084,0.0032,0
-0.0694488,0,0.619374,0.0035,0
-0.0920734,0,0.690598,0.00345,0
-0.0344684,0,1.13623,0.00315,0
-0.0299651,0,1.12637,0.0034,0
-0.0797624,0,0.624646,0.00305,0
-0.0893983,0,0.669637,0.00345,0
-0.0877029,0,0.676644,0.00315,0
0.0246059,0,1.04371,0.003,0
-0.0910347,0,0.656507,0.00325,0
-0.0853392,0,0.631893,0.00325,0
0.00354189,0,0.621715,0.0035,0
0.00921737,0,0.633009,0.0035,0
-0.00402513,0,0.640079,0.00325,0
-0.0131737,0,0.956989,0.0032,0
-0.0215354,0,1.13585,0.00315,0
-0.0269262,0,1.1473,0.0031,0
-0.0364903,0,1.14633,0.00335,0
0.013095,0,1.07454,0.00345,0
0.0114424,0,1.08698,0.0032,0
0.070001,0,1.05454,0.00335,0
0.0819386,0,1.0625,0.00345,0
0.088858,0,1.04937,0.00315,0
0.0866816,0,1.05648,0.003,0
0.0222378,0,1.0546,0.003,0
-0.00313418,0,0.625494,0.00305,0
-0.048945,0,1.14423,0.00345,0
0.0875976,0,1.04135,0.0035,0
-0.0925347,0,0.627819,0.00335,0
-0.0232363,0,1.11399,0.00325,0
-0.0337286,0,1.10979,0.00305,0
-0.0373808,0,1.16002,0.0031,0
-0.0441125,0,1.15693,0.00315,0
-0.0287942,0,1.08228,0.00315,0
-0.0166668,0,1.08943,0.00315,0
0.0342841,0,0.595205,0.00335,0
0.0458635,0,0.601418,0.0031,0
0.0281649,0,0.603181,0.0033,0
-0.02432,0,1.09273,0.0032,0
-0.0401512,0,1.08295,0.00305,0
-0.0318598,0,1.09476,0.00345,0
0.0592952,0,0.609873,0.0031,0
0.0551184,0,0.598998,0.0031,0
0.0455903,0,0.593628,0.00345,0
-0.0781143,0,0.631699,0.0032,0
-0.0846455,0,0.613638,0.0031,0
-0.0870005,0,0.62179,0.00315,0
-0.0740491,0,0.61283,0.00305,0
-0.00615886,0,0.618361,0.00305,0
-0.0858082,0,1.14381,0.003,0
-0.0778459,0,1.14308,0.003,0
-0.0897933,0,1.12593,0.00315,0
-0.0894416,0,1.13588,0.00315,0
-0.0452,0,1.08946,0.00305,0
0.0366076,0,1.06547,0.00335,0
0.0301386,0,1.05993,0.0035,0
0.0192748,0,1.06124,0.00315,0
-0.0564206,0,1.06754,0.0033,0
-0.0448696,0,1.06431,0.0035,0
-0.021703,0,1.10469,0.0031,0
-0.0251829,0,1.16385,0.003,0
-0.0415957,0,1.17172,0.0033,0
-0.0317196,0,1.15359,0.0031,0
-0.0483201,0,1.16425,0.00325,0
-0.00393768,0,0.611376,0.0032,0
0.00497689,0,0.61152,0.0033,0
-0.0124536,0,0.610604,0.0033,0
-0.0183505,0,0.618019,0.003,0
-0.0234676,0,0.612834,0.0033,0
0.0550546,0,1.07568,0.00345,0
0.0473421,0,1.07329,0.0031,0
0.0263447,0,0.595756,0.0035,0
-0.0162269,0,1.09992,0.0031,0
-0.0219664,0,1.08461,0.0032,0
-0.0706334,0,0.602593,0.00345,0
-0.0796821,0,0.605303,0.00305,0
-0.0283826,0,1.17193,0.003,0
-0.0308232,0,1.18038,0.003,0
-0.0422863,0,1.18214,0.0033,0
-0.0499738,0,1.17567,0.0034,0
-0.0543871,0,1.16987,0.0035,0
-0.020811,0,1.17939,0.003,0
-0.0206575,0,1.17189,0.003,0
0.0214356,0,0.583793,0.00325,0
0.0176009,0,0.601647,0.0031,0
0.0327024,0,0.583637,0.00335,0
0.0134982,0,0.592158,0.0035,0
0.0613946,0,0.594835,0.00345,0
0.0556793,0,0.58844,0.003,0
0.0649561,0,0.603824,0.0033,0
0.0687139,0,0.595736,0.00315,0
0.0928473,0,1.01436,0.0031,0
-0.0206296,0,1.15827,0.00345,0
-0.0112167,0,1.16366,0.0031,0
0.0516679,0,1.08605,0.0034,0
0.0353016,0,1.07788,0.003,0
0.0431249,0,1.0815,0.00305,0
-0.00850862,0,1.09535,0.00345,0
-0.00225275,0,1.17364,0.0032,0
-0.00308979,0,1.15459,0.00325,0
-0.0143113,0,1.15224,0.003,0
-0.0120197,0,1.17404,0.0033,0
0.00270061,0,1.16502,0.00305,0
-0.0174035,0,1.18627,0.00335,0
-0.0228918,0,1.19127,0.00315,0
0.0212539,0,0.629307,0.00345,0
0.0724734,0,1.07553,0.0035,0
0.0635752,0,1.07881,0.00335,0
0.029954,0,1.0729,0.0033,0
0.0703397,0,1.08373,0.0034,0
0.0572426,0,1.09101,0.00345,0
-0.0226049,0,1.12744,0.00325,0
-0.0518029,0,0.601058,0.0035,0
-0.0548861,0,0.607688,0.00325,0
-0.0607403,0,0.59833,0.00305,0
0.00935683,0,0.60012,0.00305,0
-0.00399266,0,0.602534,0.00335,0
0.0133431,0,0.607486,0.00335,0
0.0114298,0,0.617192,0.00325,0
-0.0159514,0,0.604255,0.00335,0
-0.0165835,0,1.12241,0.00315,0
0.0249546,0,0.574991,0.00305,0
0.0370167,0,0.571952,0.0033,0
0.041076,0,0.579496,0.00325,0
-0.034733,0,1.16852,0.0032,0
-0.0376011,0,0.596787,0.00335,0
-0.0264144,0,0.602178,0.00305,0
-0.0304871,0,0.595162,0.00335,0
-0.0739125,0,1.16317,0.00305,0
-0.0790845,0,1.15483,0.00305,0
-0.0665317,0,1.16698,0.00305,0
-0.00162871,0,1.1415,0.00315,0
-0.00756412,0,1.14847,0.0033,0
0.0039272,0,1.15263,0.00335,0
0.00648306,0,1.14525,0.00325,0
-0.0547994,0,0.588599,0.0033,0
-0.0462249,0,0.59308,0.00335,0
-0.0914085,0,1.10721,0.0031,0
-0.0806876,0,1.16632,0.00345,0
-0.066346,0,1.17434,0.00325,0
-0.0587741,0,1.17611,0.00315,0
-0.0447891,0,0.603103,0.003,0
-0.0918368,0,0.611941,0.00305,0
0.0506472,0,1.10009,0.00325,0
0.0679779,0,1.09775,0.00325,0
0.0644423,0,1.08937,0.0034,0
0.0612125,0,1.10157,0.0035,0
0.0446147,0,1.09412,0.00305,0
0.00364419,0,0.590261,0.00335,0
-0.0101003,0,0.591877,0.0035,0
-0.0200413,0,0.595067,0.0032,0
-0.0115863,0,1.10721,0.00335,0
-0.0100185,0,1.11742,0.00335,0
0.00069572,0,1.1086,0.0033,0
0.0638495,0,1.11091,0.0033,0
0.0505612,0,1.10915,0.0035,0
0.0731824,0,1.10571,0.00335,0
-0.0317887,0,1.20139,0.00345,0
-0.0138406,0,1.19989,0.0035,0
-0.032627,0,1.18795,0.0035,0
-0.0230859,0,1.19855,0.0034,0
-0.0189744,0,1.14261,0.00325,0
-0.0122384,0,1.12996,0.00315,0
-0.00873434,0,1.13717,0.0031,0
-0.00997239,0,1.19238,0.0031,0
0.0627874,0,0.582005,0.0032,0
0.00443199,0,1.08969,0.00325,0
0.0176874,0,1.0831,0.0035,0
0.0363049,0,1.08652,0.0035,0
0.0215745,0,1.06965,0.00325,0
-0.00323474,0,1.10038,0.00315,0
-0.0097502,0,1.08475,0.0031,0
0.0111484,0,1.1553,0.00305,0
0.0793799,0,1.06987,0.00335,0
0.0802296,0,1.07696,0.0033,0
0.0468422,0,0.571204,0.0034,0
0.0494951,0,0.581815,0.0035,0
0.0426775,0,0.586858,0.003,0
-0.00251143,0,1.11597,0.00305,0
-0.0807481,0,0.597473,0.00315,0
-0.0904793,0,0.601749,0.0032,0
-0.0730578,0,0.59287,0.0033,0
0.0254881,0,1.08449,0.0035,0
0.0400685,0,1.0721,0.003,0
0.0764901,0,0.603453,0.0031,0
0.0417113,0,1.10846,0.0031,0
0.0377172,0,1.0998,0.00325,0
-0.0662997,0,0.585934,0.0031,0
0.00749676,0,1.10231,0.003,0
0.0300607,0,1.09142,0.0033,0
0.0296675,0,1.0989,0.0032,0
0.0230441,0,1.07703,0.0032,0
-0.0742328,0,1.17938,0.003,0
-0.0594341,0,1.18393,0.0032,0
-0.00421532,0,1.16166,0.0033,0
-0.000752546,0,0.58209,0.003,0
0.0100915,0,0.583075,0.00315,0
0.0793475,0,1.08923,0.0031,0
0.0926173,0,0.703867,0.0032,0
0.00897668,0,1.11041,0.00325,0
-0.00964324,0,1.18224,0.00315,0
-0.000574224,0,1.13314,0.0033,0
-0.00549135,0,1.12499,0.0034,0
0.0186306,0,1.1016,0.0034,0
0.02655,0,1.10863,0.00335,0
0.0338325,0,1.10588,0.00345,0
0.0185525,0,1.09355,0.00305,0
0.0865792,0,1.09594,0.00315,0
0.0854395,0,1.08363,0.00305,0
0.0763565,0,1.098,0.0034,0
0.0915989,0,1.08846,0.0032,0
0.0389647,0,0.561822,0.00305,0
0.0545674,0,0.570115,0.00315,0
0.0508575,0,0.558554,0.0032,0
-0.0754668,0,0.581365,0.0034,0
-0.0617878,0,0.576722,0.0035,0
-0.0689045,0,0.578374,0.0035,0
-0.0485379,0,0.574816,0.003,0
-0.0753605,0,0.573104,0.0031,0
-0.0685475,0,0.565953,0.0034,0
-0.0615169,0,0.563622,0.003,0
-0.054625,0,0.566363,0.003,0
0.0112743,0,1.0942,0.0035,0
-0.0471377,0,1.07979,0.00305,0
-0.0725198,0,1.15182,0.0031,0
-0.0500699,0,1.18838,0.00345,0
0.0302971,0,0.563899,0.0031,0
0.0201866,0,0.566756,0.0034,0
0.0159509,0,0.573177,0.0035,0
0.0646266,0,0.614978,0.00305,0
-0.0687272,0,1.18909,0.00345,0
-0.0785788,0,1.18631,0.00325,0
-0.0851455,0,1.17376,0.0033,0
-0.0700474,0,0.558439,0.00325,0
-0.0777043,0,0.562265,0.00315,0
-0.0636385,0,0.553797,0.00315,0
-0.00217184,0,1.19569,0.00335,0
4.38765e-05,0,1.1853,0.00325,0
-0.00704023,0,0.571872,0.0035,0
0.00563943,0,0.571501,0.0034,0
-0.0102704,0,0.5803,0.00335,0
0.0187012,0,1.14328,0.0033,0
0.0208679,0,1.16531,0.00345,0
0.0169195,0,1.15024,0.0031,0
0.0209426,0,1.15755,0.00305,0
0.00521897,0,1.12454,0.00305,0
0.0733531,0,0.588222,0.00315,0
-0.0903505,0,1.17886,0.0033,0
-0.0883845,0,1.16713,0.00305,0
-0.0899747,0,1.18665,0.0031,0
-0.0834157,0,1.18084,0.003,0
0.0921914,0,1.07912,0.00305,0
0.0881335,0,1.07232,0.003,0
-0.0880923,0,1.15607,0.0032,0
-0.0740364,0,1.17194,0.0034,0
0.0101881,0,0.624803,0.003,0
0.0611624,0,0.564747,0.00325,0
0.0134443,0,1.06717,0.00325,0
-0.0839609,0,0.558793,0.0032,0
-0.0744419,0,0.545173,0.0035,0
-0.0767828,0,0.552659,0.00305,0
0.0114344,0,1.11852,0.003,0
0.0183262,0,1.11135,0.0032,0
0.0118632,0,1.16651,0.0033,0
0.0285649,0,1.16565,0.00305,0
0.021414,0,1.17801,0.003,0
0.0134465,0,1.1761,0.0031,0
0.0303409,0,1.17381,0.0031,0
0.032426,0,1.15952,0.0031,0
0.0254528,0,1.14725,0.00315,0
0.0253424,0,1.13979,0.00335,0
0.0116192,0,1.1371,0.00335,0
-0.0254137,0,0.586935,0.0032,0
-0.033079,0,0.582244,0.0034,0
0.0763578,0,0.580447,0.0033,0
0.0691073,0,0.576522,0.0031,0
0.0673674,0,0.568729,0.003,0
-0.0473039,0,0.58335,0.0031,0
-0.0395226,0,0.586686,0.00335,0
0.0803831,0,0.573701,0.0035,0
0.0758157,0,0.560181,0.0034,0
0.0688219,0,0.557437,0.0035,0
0.062523,0,1.12154,0.00335,0
0.0514587,0,1.11689,0.0034,0
0.0723703,0,1.1167,0.00305,0
-0.0419428,0,0.567849,0.00325,0
-0.0441444,0,0.55963,0.00305,0
-0.0562458,0,0.554692,0.003,0
0.0365923,0,1.11403,0.00305,0
-0.040909,0,1.19088,0.00325,0
-0.039104,0,1.20059,0.00325,0
-0.0159732,0,0.586866,0.00345,0
-0.0278137,0,0.577357,0.0032,0
-0.0376733,0,0.575459,0.00315,0
-0.081202,0,0.586316,0.00345,0
0.0336088,0,1.14009,0.0031,0
0.0326502,0,1.14902,0.003,0
0.0439007,0,1.11622,0.0035,0
-0.0476331,0,1.20318,0.0031,0
-0.0297652,0,1.19451,0.00325,0
0.00328605,0,0.604071,0.0032,0
-0.0663491,0,1.18205,0.0034,0
-0.0551188,0,0.581425,0.0032,0
0.0903668,0,0.56709,0.0034,0
0.089828,0,0.574848,0.003,0
0.0899371,0,0.582402,0.0032,0
0.0752573,0,0.567687,0.00305,0
0.019273,0,1.13181,0.003,0
-0.0524945,0,0.548128,0.00325,0
-0.0429988,0,0.549343,0.00305,0
-0.0343994,0,0.554159,0.00325,0
-0.0307779,0,0.56417,0.0032,0
0.0267461,0,1.11654,0.00345,0
-0.0835071,0,1.19743,0.00325,0
-0.0928261,0,1.19374,0.00325,0
0.0595361,0,0.556962,0.0035,0
0.0852344,0,1.10796,0.003,0
0.0817141,0,1.11534,0.00315,0
-0.0755432,0,1.19491,0.00335,0
-0.0904907,0,1.20142,0.00305,0
-0.0785362,0,1.20325,0.0031,0
0.0322251,0,1.12326,0.00345,0
0.0421885,0,1.12759,0.003,0
0.0498994,0,1.12714,0.0033,0
-0.00279135,0,0.595479,0.0031,0
0.0549667,0,0.549919,0.0034,0
0.0717196,0,0.549853,0.00325,0
0.0184828,0,1.12407,0.00345,0
0.0115829,0,1.1292,0.0034,0
0.0925114,0,1.06481,0.0033,0
-0.0924651,0,0.706317,0.0035,0
-0.0444489,0,0.541637,0.0031,0
-0.0636965,0,0.540464,0.00315,0
-0.0507441,0,0.535843,0.00345,0
-0.0926799,0,0.682982,0.003,0
-0.0866666,0,0.551383,0.003,0
-0.087658,0,0.54063,0.0034,0
-0.0752456,0,0.536607,0.0035,0
-0.0563374,0,1.19323,0.00325,0
-0.0493061,0,1.19577,0.00325,0
0.081754,0,0.58832,0.00325,0
-0.0880309,0,0.571896,0.003,0
0.0495444,0,1.13437,0.003,0
0.030784,0,1.13313,0.00305,0
-0.0109407,0,0.565536,0.0033,0
-0.000448972,0,0.565754,0.00325,0
-0.017852,0,0.578412,0.0034,0
-0.0165237,0,0.570184,0.0035,0
0.0308239,0,1.18486,0.0033,0
0.0240508,0,1.19122,0.00315,0
0.0184838,0,1.18656,0.00335,0
-0.0426784,0,0.532601,0.0032,0
-0.0326924,0,0.536314,0.0033,0
-0.0337285,0,0.545271,0.0031,0
0.0738492,0,1.12755,0.00325,0
0.0621895,0,1.13225,0.0034,0
0.0258735,0,1.12718,0.0034,0
0.0900979,0,0.554626,0.00335,0
0.0832622,0,0.564484,0.00315,0
0.0808192,0,1.12427,0.0032,0
-0.0603183,0,0.530387,0.0034,0
-0.0443295,0,0.524113,0.00305,0
-0.0538965,0,0.522715,0.00305,0
-0.0349041,0,0.528008,0.00315,0
-0.0249768,0,0.570444,0.0033,0
-0.0234394,0,0.562377,0.0034,0
-0.0253146,0,0.553737,0.00305,0
0.0563028,0,1.13768,0.00335,0
0.0368291,0,1.1656,0.0031,0
0.0381737,0,1.17342,0.0034,0
0.0746884,0,0.540523,0.00345,0
0.0664126,0,0.544793,0.0034,0
0.0796607,0,0.549905,0.00335,0
-0.0920871,0,0.561132,0.00315,0
-0.0392589,0,1.09383,0.00305,0
-0.0551441,0,1.20215,0.00335,0
-0.0648368,0,1.19859,0.00305,0
-0.0908652,0,1.14894,0.00325,0
0.0847816,0,0.608804,0.00335,0
-0.00135985,0,0.552815,0.00345,0
0.0108318,0,0.566586,0.0034,0
0.00655694,0,0.557669,0.00335,0
-0.00789362,0,0.556935,0.00345,0
0.0423739,0,1.13959,0.0031,0
-0.0599212,0,0.546523,0.0031,0
0.0656829,0,1.14003,0.0031,0
0.0730386,0,1.14105,0.0033,0
0.0595763,0,1.1441,0.003,0
0.0611956,0,0.574732,0.00315,0
-0.00671102,0,1.20343,0.0034,0
-0.0895565,0,0.582111,0.00335,0
-0.0160344,0,0.559938,0.0033,0
0.0434108,0,1.14946,0.00345,0
-0.0259704,0,0.543932,0.00335,0
-0.0167253,0,0.552405,0.00335,0
-0.0152997,0,0.545226,0.00305,0
0.0192126,0,0.55456,0.0034,0
0.0019473,0,0.544606,0.00325,0
0.0126359,0,0.545537,0.00315,0
0.0488072,0,1.14443,0.0032,0
-0.0278117,0,1.13944,0.0031,0
0.0658959,0,0.536887,0.00305,0
0.0878978,0,0.592503,0.00315,0
-0.0821535,0,0.576661,0.00335,0
0.0884983,0,1.11907,0.00315,0
-0.0330211,0,0.51953,0.00305,0
-0.0247747,0,0.518995,0.0034,0
-0.0238699,0,0.536714,0.00335,0
-0.0212069,0,0.525511,0.0032,0
-0.0401465,0,0.517076,0.00345,0
-0.0510356,0,0.514681,0.00335,0
0.0448687,0,0.684923,0.003,0
0.0410086,0,1.19167,0.00325,0
0.0412686,0,1.18424,0.0031,0
0.0334329,0,1.19299,0.00335,0
-0.0296864,0,0.506806,0.00325,0
-0.0375924,0,0.508384,0.00315,0
0.004863,0,1.19398,0.00335,0
0.011842,0,1.19617,0.0034,0
-0.00636756,0,0.544531,0.00315,0
0.0724262,0,1.09198,0.0032,0
0.0797945,0,1.13441,0.00345,0
0.0534899,0,1.15576,0.0032,0
0.0419734,0,1.15711,0.00305,0
0.0482424,0,1.16228,0.0031,0
0.0544244,0,1.16785,0.0031,0
0.066205,0,1.15982,0.0033,0
0.0596144,0,1.15167,0.0034,0
-0.0875738,0,0.589609,0.00305,0
0.0923185,0,1.10991,0.0034,0
0.0763976,0,0.527918,0.00345,0
0.0563742,0,0.537952,0.0032,0
0.0643948,0,0.527251,0.00325,0
0.057015,0,0.527041,0.00335,0
0.0692653,0,0.516668,0.00335,0
0.060697,0,0.514765,0.00305,0
0.0887834,0,0.534699,0.0035,0
0.0819156,0,0.540075,0.00335,0
0.0850537,0,0.518573,0.0035,0
0.0468356,0,0.534009,0.0031,0
0.0447249,0,0.524223,0.003,0
0.0516234,0,0.518162,0.003,0
0.0771565,0,0.519471,0.0033,0
0.0679843,0,0.506059,0.00305,0
0.0805458,0,0.510372,0.0034,0
-0.0632349,0,0.521293,0.00305,0
-0.0564737,0,0.50223,0.0031,0
-0.045947,0,0.506898,0.0033,0
-0.0592585,0,0.512026,0.0032,0
0.061651,0,1.16647,0.00325,0
0.0738232,0,1.16917,0.00345,0
0.0736708,0,1.16091,0.0035,0
0.0744733,0,1.15181,0.00335,0
0.0680221,0,1.14693,0.0034,0
0.0641306,0,1.17345,0.0035,0
0.0400467,0,0.515186,0.003,0
0.056641,0,0.506995,0.0035,0
0.0479912,0,0.508108,0.0032,0
-0.0227702,0,0.508571,0.0033,0
-0.0154327,0,0.520981,0.003,0
0.0292668,0,1.19976,0.00335,0
0.0890346,0,0.544002,0.00315,0
0.0463364,0,1.17149,0.00325,0
0.0536064,0,1.17496,0.0032,0
0.0581236,0,1.18067,0.00305,0
-0.00171212,0,0.536845,0.0035,0
-0.01013,0,0.532098,0.00305,0
0.0496812,0,0.545103,0.003,0
0.0418556,0,0.548338,0.0032,0
0.00509444,0,1.17855,0.0033,0
-0.0143371,0,0.498065,0.00325,0
-0.016192,0,0.513883,0.0034,0
-0.0164535,0,0.505177,0.00325,0
-0.0317177,0,0.499696,0.0032,0
-0.00981957,0,0.50808,0.0033,0
0.00915369,0,1.18791,0.00345,0
0.015948,0,1.20224,0.0035,0
0.0230072,0,1.20348,0.00325,0
0.0872457,0,0.600475,0.003,0
0.0921264,0,0.605688,0.00315,0
0.0287536,0,0.551928,0.00315,0
0.0218405,0,0.546429,0.00345,0
-0.0456427,0,0.49866,0.00305,0
-0.0703809,0,1.20355,0.0033,0
0.0881546,0,0.525897,0.0033,0
0.0927845,0,0.507968,0.0033,0
0.0778415,0,0.503302,0.0035,0
0.0875774,0,0.498673,0.0031,0
0.0369596,0,0.524614,0.0035,0
0.0401577,0,0.506963,0.00345,0
0.0288097,0,0.516469,0.00315,0
0.0298,0,0.524084,0.0032,0
0.031518,0,0.509556,0.0031,0
0.0493444,0,1.18161,0.00325,0
0.00158323,0,0.527182,0.0031,0
-0.00856928,0,0.518659,0.00345,0
-0.0166383,0,0.535061,0.00345,0
-0.00337796,0,0.496494,0.003,0
-0.0183773,0,0.490758,0.00345,0
-0.024063,0,0.497222,0.0032,0
-0.00911049,0,0.488223,0.00335,0
0.00346384,0,0.51755,0.00315,0
-0.00242638,0,0.506873,0.0033,0
0.0738546,0,1.17739,0.0034,0
0.0649241,0,1.18513,0.00325,0
0.0091213,0,0.501711,0.0035,0
0.00666781,0,0.508986,0.00345,0
0.0810864,0,1.1586,0.0032,0
0.0805837,0,1.17265,0.003,0
0.0870502,0,1.1641,0.0033,0
0.00465573,0,1.20172,0.00315,0
0.0863369,0,1.15259,0.00305,0
0.0806659,0,1.14545,0.00315,0
0.0214168,0,0.537007,0.0034,0
0.00745307,0,0.539145,0.0032,0
0.0922646,0,1.13786,0.00315,0
0.0722363,0,1.18745,0.00345,0
0.0813593,0,1.18016,0.0032,0
0.0928866,0,0.515649,0.00345,0
0.0916649,0,1.12865,0.0034,0
0.00923589,0,0.529717,0.00335,0
0.00973065,0,0.52166,0.00305,0
0.077167,0,0.594683,0.0031,0
0.0507001,0,1.19264,0.00325,0
0.0886646,0,1.14446,0.00305,0
0.0683104,0,0.495185,0.003,0
0.0743112,0,0.490263,0.0033,0
0.0824034,0,0.490391,0.00335,0
0.0470749,0,0.500241,0.0032,0
0.0580492,0,0.492856,0.00315,0
0.0332623,0,0.535194,0.003,0
0.0261687,0,0.531241,0.0031,0
0.0282335,0,0.542717,0.00305,0
0.0169463,0,0.528647,0.0033,0
0.0226826,0,0.522915,0.00345,0
0.0326538,0,0.496134,0.00305,0
0.0412163,0,0.494527,0.0034,0
0.0905937,0,0.486812,0.003,0
0.0767736,0,0.479835,0.00325,0
0.0886213,0,0.479577,0.0032,0
0.040237,0,0.537308,0.0031,0
0.0658107,0,0.485702,0.0033,0
0.0482443,0,1.20232,0.0035,0
0.0601394,0,1.19492,0.00325,0
0.0562545,0,1.18807,0.0031,0
0.0799257,0,0.472896,0.0031,0
0.0695605,0,0.476072,0.00335,0
0.0725461,0,0.46861,0.003,0
-0.064172,0,0.491725,0.00325,0
-0.056809,0,0.494573,0.0034,0
-0.0701476,0,0.49899,0.003,0
0.0815141,0,1.18819,0.0035,0
0.0674791,0,1.19384,0.003,0
0.07677,0,1.19366,0.0032,0
0.00391428,0,0.496212,0.00335,0
-0.00126574,0,0.484843,0.0031,0
0.00769532,0,0.488613,0.00305,0
-0.010404,0,0.480414,0.003,0
-0.0189229,0,0.483616,0.00325,0
0.0154385,0,0.496609,0.00335,0
0.0161287,0,0.511153,0.00345,0
0.0217518,0,0.50621,0.0034,0
0.0903165,0,1.17539,0.0032,0
0.0436181,0,0.556075,0.00335,0
-0.0392157,0,0.494834,0.00335,0
0.0397092,0,1.20011,0.00315,0
0.0872534,0,1.20118,0.00335,0
0.0776362,0,1.20349,0.00325,0
-0.0489348,0,0.488821,0.00315,0
-0.0362429,0,0.486586,0.00335,0
-0.0279222,0,0.487932,0.0032,0
-0.0707039,0,0.522293,0.0031,0
-0.0679266,0,0.531702,0.00315,0
0.0226794,0,0.497576,0.0035,0
0.0567176,0,0.482736,0.00325,0
0.0481978,0,0.49226,0.0034,0
0.0463116,0,0.484854,0.0035,0
0.0198399,0,0.483608,0.003,0
0.011925,0,0.480744,0.00345,0
0.0349448,0,0.555728,0.0032,0
0.0274684,0,0.488517,0.00345,0
0.0656712,0,1.20184,0.003,0
-0.0316082,0,0.476134,0.00345,0
-0.0663865,0,0.484075,0.00305,0
-0.0557893,0,0.482448,0.0032,0
0.0925913,0,1.15869,0.00325,0
-0.00337841,0,0.477277,0.0034,0
0.00391553,0,0.473454,0.003,0
-0.00929324,0,0.473194,0.0032,0
-0.067785,0,0.508541,0.003,0
0.0600821,0,0.475661,0.0031,0
0.0634446,0,0.468523,0.0032,0
-0.0168075,0,0.475002,0.0032,0
0.0575761,0,0.457992,0.003,0
0.0672245,0,0.461962,0.0033,0
0.0654129,0,0.454535,0.00315,0
0.0499736,0,0.473167,0.00335,0
0.0841192,0,0.683748,0.00345,0
0.0888906,0,1.18414,0.0034,0
0.0593224,0,0.448972,0.0031,0
0.067109,0,0.44724,0.0034,0
0.0755177,0,0.445831,0.0031,0
0.0567795,0,0.465405,0.0034,0
0.0738686,0,0.453794,0.00345,0
-0.0740744,0,0.484791,0.00315,0
-0.0798925,0,0.479717,0.00345,0
-0.0638147,0,0.473066,0.00345,0
-0.0629898,0,0.498852,0.0032,0
0.0922183,0,1.19456,0.0035,0
0.0219943,0,0.47201,0.00345,0
0.0132927,0,0.46804,0.0034,0
0.0254939,0,0.478621,0.00345,0
0.0143087,0,0.535625,0.00325,0
0.0821127,0,0.465278,0.0032,0
0.0920936,0,0.465697,0.00335,0
0.0348579,0,0.488246,0.0034,0
-0.0745644,0,0.47465,0.00345,0
-0.00759005,0,0.462013,0.0034,0
8.25524e-05,0,0.463007,0.00325,0
-0.0150424,0,0.465007,0.0034,0
-0.0636769,0,0.461476,0.00305,0
-0.0563783,0,0.473531,0.00305,0
-0.055533,0,0.463948,0.003,0
-0.0718962,0,0.462574,0.0032,0
-0.0833033,0,0.461507,0.003,0
-0.0694474,0,0.453368,0.00335,0
-0.0798532,0,0.45315,0.0032,0
-0.0776655,0,0.509884,0.00345,0
-0.0754871,0,0.51683,0.0031,0
-0.086133,0,0.468848,0.0035,0
-0.0913128,0,0.450661,0.00325,0
-0.0915964,0,0.464186,0.00335,0
-0.0119209,0,0.452751,0.00345,0
-0.0235912,0,0.469959,0.00335,0
-0.0184463,0,0.456927,0.00305,0
-0.0246848,0,0.461622,0.0032,0
-0.0324481,0,0.468269,0.00325,0
-0.0408637,0,0.468859,0.00315,0
-0.0412722,0,0.477164,0.00315,0
0.0483383,0,0.463351,0.0033,0
0.0399379,0,0.466565,0.003,0
0.039129,0,0.477338,0.00335,0
0.0837693,0,0.445862,0.00305,0
0.0819318,0,0.457393,0.0035,0
0.087107,0,0.470868,0.0035,0
0.0897205,0,0.4543,0.00315,0
0.035794,0,0.543235,0.0034,0
-0.0490595,0,0.468564,0.0033,0
-0.0485724,0,0.478607,0.0034,0
0.0477317,0,0.452055,0.00335,0
-0.0655801,0,0.442882,0.0035,0
-0.0619953,0,0.453202,0.0033,0
-0.0745724,0,0.446226,0.00335,0
-0.000802845,0,0.448442,0.00335,0
-0.0235491,0,0.447868,0.00345,0
-0.0187455,0,0.440417,0.0035,0
-0.0102694,0,0.441878,0.00325,0
-0.0756099,0,0.494168,0.00335,0
-0.0853144,0,0.446785,0.00325,0
0.0585418,0,0.499979,0.00315,0
-0.077404,0,0.526378,0.0031,0
-0.0840344,0,0.519569,0.00305,0
-0.0817739,0,0.488987,0.003,0
0.0664077,0,0.435847,0.003,0
0.0879866,0,0.439709,0.00325,0
0.0794832,0,0.438548,0.00325,0
-0.030574,0,0.439803,0.0032,0
-0.0229243,0,0.432433,0.0034,0
-0.0141499,0,0.429929,0.003,0
-0.0651214,0,0.429606,0.00345,0
-0.0761304,0,0.438064,0.0031,0
-0.0573242,0,0.435631,0.0035,0
-0.0556744,0,0.449231,0.0031,0
-0.0506842,0,0.45624,0.0032,0
0.0506816,0,0.444318,0.0035,0
0.0577764,0,0.438046,0.0033,0
-0.0876672,0,0.530726,0.0034,0
-0.0861949,0,0.51254,0.00325,0
-0.0915313,0,0.523805,0.00305,0
0.0754184,0,0.461655,0.0035,0
-0.0836125,0,0.505468,0.00345,0
-0.0926599,0,0.50628,0.00345,0
-0.0765811,0,0.502769,0.0033,0
0.0022506,0,0.455697,0.003,0
-0.034173,0,0.456086,0.00325,0
-0.0417047,0,0.45931,0.0035,0
0.0359021,0,0.455999,0.0032,0
0.0313312,0,0.472519,0.00305,0
0.0317778,0,0.464547,0.0031,0
-9.94503e-05,0,0.439948,0.0033,0
-0.00456773,0,0.431953,0.0032,0
-0.0375979,0,0.449301,0.0034,0
-0.0163896,0,0.447176,0.003,0
0.0897288,0,0.432472,0.003,0
0.0738922,0,0.433175,0.00345,0
0.0802282,0,0.429855,0.00345,0
-0.0243833,0,0.478362,0.0033,0
-0.0894897,0,0.478307,0.00345,0
-0.078185,0,0.468479,0.00325,0
-0.0902969,0,0.498592,0.003,0
-0.0823116,0,0.497809,0.0034,0
-0.0817595,0,0.54515,0.0035,0
0.0537583,0,0.425282,0.00315,0
0.0645834,0,0.42562,0.0032,0
0.0453593,0,0.431787,0.0034,0
0.0592271,0,0.430626,0.0031,0
0.0911114,0,0.446805,0.00305,0
0.0852037,0,0.423116,0.003,0
0.0774337,0,0.420293,0.0031,0
0.039569,0,0.441807,0.0031,0
0.0600134,0,0.418454,0.00325,0
0.0700298,0,0.415776,0.003,0
-0.0926281,0,0.545962,0.0035,0
0.0462159,0,0.423087,0.0031,0
0.0373796,0,0.421279,0.0035,0
0.0351061,0,0.434514,0.0033,0
-0.0456618,0,0.447658,0.0032,0
0.0182237,0,0.460174,0.00335,0
0.0287815,0,0.456849,0.0035,0
0.00930594,0,0.452621,0.00335,0
0.0169741,0,0.449238,0.0035,0
-0.0854796,0,0.429214,0.00315,0
-0.075742,0,0.42865,0.003,0
-0.0122464,0,0.419145,0.0035,0
-0.00531133,0,0.42291,0.0035,0
-0.0271268,0,0.425994,0.00325,0
-0.0193802,0,0.41959,0.00345,0
0.0296841,0,0.44516,0.0033,0
0.0782372,0,0.413026,0.00345,0
0.0876279,0,0.412584,0.0033,0
0.0724946,0,0.425983,0.0031,0
-0.047177,0,0.440446,0.0031,0
-0.0268287,0,0.454368,0.00325,0
-0.0399399,0,0.441754,0.00305,0
-0.089899,0,0.439906,0.0031,0
-0.039172,0,0.430548,0.00325,0
-0.047439,0,0.43286,0.0034,0
0.011096,0,0.445067,0.0035,0
0.00775643,0,0.463066,0.00315,0
-0.0504673,0,0.425597,0.00315,0
-0.0578328,0,0.42395,0.0033,0
-0.00251652,0,0.409027,0.00345,0
0.00225355,0,0.423937,0.0035,0
-0.0100199,0,0.410879,0.00315,0
0.00328077,0,0.432529,0.0035,0
-0.0348663,0,0.415133,0.00315,0
-0.0252601,0,0.4154,0.00345,0
-0.031715,0,0.432242,0.0035,0
-0.066198,0,0.420777,0.00325,0
0.0834059,0,0.40114,0.00315,0
0.0920383,0,0.419953,0.0032,0
-0.0345698,0,0.424416,0.0033,0
-0.0464462,0,0.419308,0.00325,0
-0.0335221,0,0.407972,0.00305,0
-0.0450846,0,0.411207,0.0031,0
-0.0402907,0,0.402811,0.0033,0
-0.0256642,0,0.406009,0.0035,0
-0.0582241,0,0.415543,0.0034,0
-0.050773,0,0.400665,0.00315,0
-0.0888436,0,0.486484,0.0033,0
0.0189367,0,0.440352,0.0034,0
0.0241826,0,0.450208,0.0032,0
0.0238476,0,0.464809,0.0031,0
0.0611595,0,0.410029,0.0033,0
0.0762797,0,0.405604,0.00345,0
-0.0325659,0,0.394019,0.00335,0
0.0544126,0,0.399318,0.0035,0
0.0637468,0,0.401414,0.00315,0
0.0486032,0,0.412641,0.00325,0
0.0252283,0,0.42122,0.0035,0
0.0363338,0,0.410533,0.00335,0
0.0308101,0,0.416333,0.0032,0
-0.0432959,0,0.394202,0.0034,0
0.027471,0,0.435201,0.00335,0
-0.0233505,0,0.39642,0.00345,0
-0.0433308,0,0.385856,0.003,0
-0.0354418,0,0.385189,0.0035,0
0.0270369,0,0.404413,0.0033,0
0.0215435,0,0.412546,0.0034,0
0.0311729,0,0.428015,0.003,0
0.0212588,0,0.431079,0.00335,0
0.0449464,0,0.399145,0.0035,0
0.053702,0,0.407216,0.0032,0
0.0618155,0,0.393794,0.0031,0
0.0537463,0,0.387713,0.00325,0
0.0430215,0,0.391832,0.00335,0
-0.0169327,0,0.40284,0.003,0
-0.0526804,0,0.387395,0.00325,0
-0.0359248,0,0.37497,0.00345,0
-0.0512599,0,0.379635,0.003,0
-0.0441743,0,0.374575,0.0032,0
-0.0925839,0,0.431555,0.00305,0
-0.089912,0,0.415655,0.00345,0
-0.0843061,0,0.421223,0.00305,0
-0.0922942,0,0.423821,0.00315,0
-0.0104262,0,0.39918,0.00325,0
0.00474893,0,0.413289,0.00325,0
-0.000201151,0,0.401719,0.003,0
0.0085253,0,0.400413,0.00325,0
-0.0646428,0,0.404173,0.0033,0
-0.0695901,0,0.411087,0.00305,0
-0.0163824,0,0.393574,0.0031,0
-0.00856171,0,0.388944,0.0033,0
-0.0190676,0,0.410367,0.003,0
-0.00155119,0,0.390496,0.0033,0
0.0336251,0,0.397233,0.0034,0
0.0236923,0,0.390605,0.0034,0
0.014571,0,0.40538,0.0032,0
-0.0802583,0,0.411907,0.0033,0
-0.0759523,0,0.42004,0.00335,0
0.0122328,0,0.390058,0.00335,0
0.0164932,0,0.397414,0.00325,0
0.0113695,0,0.42807,0.0033,0
0.0180718,0,0.421466,0.0034,0
0.00908318,0,0.438017,0.00305,0
-0.076147,0,0.404759,0.0032,0
0.0736227,0,0.394249,0.00345,0
0.0119706,0,0.415185,0.0031,0
0.0565039,0,0.374231,0.00305,0
0.0676076,0,0.387864,0.00305,0
0.047264,0,0.383066,0.0032,0
0.0637902,0,0.378918,0.0034,0
0.0866365,0,0.388701,0.00305,0
0.0764933,0,0.387069,0.00305,0
-0.0233462,0,0.385459,0.00325,0
0.0601699,0,0.361373,0.0031,0
0.0452244,0,0.373095,0.0031,0
0.0490232,0,0.36652,0.0035,0
0.0650515,0,0.369662,0.0032,0
0.092732,0,0.378038,0.00345,0
0.0918208,0,0.395159,0.00345,0
0.0829086,0,0.375047,0.00325,0
0.0809052,0,0.394294,0.00305,0
0.0416709,0,0.405572,0.0033,0
0.0418493,0,0.415153,0.0035,0
0.0411707,0,0.360851,0.0035,0
0.048506,0,0.358244,0.00315,0
0.0372609,0,0.369042,0.003,0
0.0388896,0,0.385197,0.00325,0
-0.0522308,0,0.365871,0.0035,0
-0.0335302,0,0.368091,0.003,0
-0.0584315,0,0.37418,0.00325,0
-0.0239689,0,0.364408,0.0033,0
-0.0403372,0,0.360341,0.0034,0
-0.0334472,0,0.358102,0.00305,0
-0.0248105,0,0.373272,0.00345,0
-0.0591127,0,0.381722,0.00335,0
-0.059736,0,0.396501,0.0034,0
-0.0645234,0,0.38689,0.00335,0
-0.0215997,0,0.351448,0.00345,0
-0.0289914,0,0.351382,0.0033,0
-0.0445484,0,0.34921,0.00305,0
-0.0329841,0,0.344973,0.0035,0
0.0332462,0,0.378959,0.00305,0
0.0319002,0,0.362557,0.0032,0
0.0260539,0,0.377314,0.0035,0
-0.0134331,0,0.369718,0.0033,0
-0.0172714,0,0.380006,0.00345,0
-0.0287206,0,0.379506,0.0031,0
0.0406292,0,0.449979,0.0031,0
0.0246401,0,0.369027,0.0032,0
0.0242625,0,0.356068,0.00315,0
0.0341582,0,0.354802,0.00325,0
0.0911283,0,0.403741,0.003,0
0.0762319,0,0.379838,0.00325,0
0.0908981,0,0.367564,0.0034,0
0.0812463,0,0.361508,0.00345,0
0.0732592,0,0.369112,0.00335,0
0.0731992,0,0.360939,0.0032,0
0.0887887,0,0.356315,0.00325,0
0.0792863,0,0.349012,0.00345,0
-0.0697071,0,0.396836,0.00325,0
-0.0549281,0,0.407033,0.0035,0
0.0314073,0,0.345982,0.0032,0
0.0431218,0,0.348221,0.00325,0
-0.0876351,0,0.407532,0.00305,0
2.82526e-05,0,0.370184,0.0034,0
-0.0164982,0,0.35918,0.0035,0
-0.00961602,0,0.376956,0.00325,0
-0.00905672,0,0.362602,0.0031,0
-0.0528769,0,0.355327,0.00345,0
-0.0421966,0,0.367558,0.0033,0
-0.0375328,0,0.352126,0.0031,0
-0.0643908,0,0.368441,0.00305,0
-0.0675137,0,0.377777,0.0031,0
0.0184958,0,0.346501,0.003,0
0.0120291,0,0.360375,0.00315,0
0.0160845,0,0.367176,0.00315,0
-0.0622592,0,0.358142,0.0035,0
-0.0713691,0,0.364233,0.00305,0
0.0279448,0,0.336943,0.00335,0
0.0381945,0,0.336367,0.0031,0
0.070149,0,0.353981,0.0034,0
0.0190926,0,0.381495,0.0032,0
0.0124834,0,0.374437,0.0033,0
0.0288719,0,0.385142,0.003,0
0.0119745,0,0.353138,0.003,0
0.0535851,0,0.347667,0.00345,0
0.0494471,0,0.341477,0.00325,0
-0.00335176,0,0.382221,0.0033,0
-0.0539159,0,0.343159,0.0033,0
-0.0658279,0,0.351686,0.0034,0
-0.0582538,0,0.34902,0.00345,0
-0.0278864,0,0.338726,0.00305,0
0.0648058,0,0.34445,0.0035,0
0.0578399,0,0.340085,0.0034,0
0.058578,0,0.353142,0.00345,0
-0.0782869,0,0.386781,0.0034,0
-0.0774305,0,0.394361,0.00315,0
0.0062588,0,0.366168,0.0034,0
-0.00184388,0,0.359784,0.00345,0
0.00664902,0,0.381477,0.00305,0
-0.0872275,0,0.395903,0.00315,0
-0.0767189,0,0.358095,0.00325,0
-0.0788088,0,0.372783,0.00345,0
-0.0795092,0,0.365172,0.0033,0
-0.0208346,0,0.343357,0.00345,0
-0.0871139,0,0.387246,0.0032,0
-0.075905,0,0.379392,0.0032,0
-0.0856051,0,0.376475,0.00345,0
-0.0495071,0,0.336345,0.0034,0
-0.0361151,0,0.337769,0.0035,0
-0.0416245,0,0.331903,0.00305,0
-0.0614164,0,0.332422,0.0035,0
-0.0541101,0,0.329342,0.00315,0
-0.0927652,0,0.373768,0.0034,0
-0.0896046,0,0.36631,0.0034,0
0.00503816,0,0.344375,0.0032,0
0.00412428,0,0.3523,0.0032,0
0.0455118,0,0.333286,0.003,0
0.040912,0,0.326743,0.0033,0
-0.0739379,0,0.344298,0.00335,0
-0.0659164,0,0.340373,0.0033,0
-0.0298208,0,0.329222,0.0035,0
-0.0209479,0,0.328785,0.00345,0
0.0622516,0,0.332511,0.00335,0
0.0715856,0,0.337231,0.0035,0
0.0546859,0,0.329201,0.0035,0
-0.00137203,0,0.338152,0.00345,0
0.0121595,0,0.334807,0.0032,0
-0.00473502,0,0.347129,0.0034,0
0.0727176,0,0.345584,0.0033,0
0.0206517,0,0.338187,0.0034,0
-0.0136238,0,0.324061,0.0032,0
-0.0169125,0,0.336852,0.0032,0
-0.0257371,0,0.323091,0.0031,0
-0.0208656,0,0.316091,0.00345,0
-0.0430677,0,0.339876,0.0034,0
0.0193446,0,0.330284,0.00325,0
0.0275025,0,0.325758,0.0033,0
-0.00947537,0,0.352517,0.00335,0
0.012902,0,0.324821,0.00315,0
-0.0581181,0,0.317737,0.0035,0
-0.0423746,0,0.322218,0.003,0
-0.0620328,0,0.324741,0.003,0
-0.0504915,0,0.322622,0.0033,0
-0.0927702,0,0.357319,0.00315,0
-0.074127,0,0.331735,0.00345,0
-0.0073485,0,0.329441,0.0032,0
-0.0134239,0,0.345788,0.0031,0
0.0197871,0,0.31649,0.00325,0
-0.0699386,0,0.325362,0.00315,0
0.0598519,0,0.318943,0.00305,0
0.0470265,0,0.321721,0.00345,0
-0.0927266,0,0.401169,0.0032,0
-0.0822913,0,0.353187,0.0031,0
-0.0463011,0,0.31264,0.0031,0
-0.0541128,0,0.310439,0.00335,0
-0.0695039,0,0.314253,0.00315,0
-0.0625584,0,0.310897,0.0034,0
0.00489478,0,0.33097,0.003,0
0.000328481,0,0.321972,0.0034,0
0.00603117,0,0.316055,0.0035,0
-0.00847156,0,0.338976,0.00325,0
-0.067137,0,0.302974,0.00315,0
-0.055062,0,0.29939,0.0035,0
0.0387822,0,0.310222,0.00305,0
0.0522308,0,0.313263,0.0031,0
0.0369915,0,0.319013,0.00345,0
-0.00734498,0,0.319242,0.0033,0
-0.00848621,0,0.310923,0.0035,0
-0.0921618,0,0.349377,0.00345,0
-0.0741069,0,0.308574,0.003,0
0.0696259,0,0.314893,0.00335,0
0.0673173,0,0.327169,0.00315,0
0.0622907,0,0.3081,0.0032,0
1.16229e-06,0,0.302636,0.0035,0
-0.0159057,0,0.308402,0.00305,0
-0.0102002,0,0.30371,0.00315,0
-0.080971,0,0.300203,0.00345,0
-0.0652018,0,0.294955,0.0033,0
-0.0713313,0,0.289378,0.00345,0
-0.0765837,0,0.294363,0.00345,0
-0.0851516,0,0.31193,0.003,0
-0.0766115,0,0.316775,0.0033,0
1.94386e-05,0,0.311075,0.00315,0
-0.0838049,0,0.336856,0.00315,0
-0.0893157,0,0.304833,0.0034,0
-0.0854854,0,0.325649,0.00305,0
-0.084234,0,0.345801,0.00315,0
-0.0257064,0,0.307627,0.0031,0
-0.0198379,0,0.300571,0.0031,0
-0.0910012,0,0.316184,0.0034,0
-0.0862394,0,0.292382,0.0034,0
-0.0923408,0,0.297259,0.00335,0
-0.0914016,0,0.339762,0.0032,0
-0.0365277,0,0.315714,0.00345,0
-0.00915429,0,0.295528,0.00315,0
-0.0204503,0,0.291297,0.0034,0
-0.0329996,0,0.304746,0.0032,0
-0.0296959,0,0.294075,0.0035,0
-0.0312332,0,0.283054,0.0035,0
-0.0161844,0,0.279276,0.0032,0
-0.00873273,0,0.286909,0.0032,0
-0.0437805,0,0.302423,0.0032,0
-0.0296658,0,0.275146,0.003,0
-0.0118698,0,0.273492,0.003,0
-0.0138138,0,0.266138,0.00325,0
-0.00401013,0,0.272098,0.003,0
-0.0219626,0,0.284071,0.0034,0
-0.021289,0,0.266238,0.0033,0
0.0115163,0,0.311478,0.00345,0
-0.039656,0,0.309222,0.0035,0
-0.0919275,0,0.38158,0.00305,0
-0.0396194,0,0.282752,0.003,0
-0.0369764,0,0.273044,0.00325,0
-0.0401083,0,0.290398,0.0035,0
-0.022487,0,0.275549,0.00325,0
-0.0928532,0,0.2848,0.00345,0
-0.0843514,0,0.281996,0.0035,0
0.0195407,0,0.305278,0.0032,0
0.0113091,0,0.298892,0.00325,0
-0.00235177,0,0.258432,0.0032,0
0.0067669,0,0.277035,0.0034,0
-0.00148372,0,0.279271,0.00315,0
0.00429809,0,0.269516,0.0033,0
-0.0100344,0,0.259177,0.0035,0
0.0738059,0,0.320771,0.00345,0
-0.0794021,0,0.27085,0.00325,0
-0.075707,0,0.280988,0.0031,0
-0.0885335,0,0.27396,0.00345,0
-0.0518809,0,0.281541,0.00315,0
-0.048872,0,0.292919,0.0034,0
-0.0545572,0,0.28818,0.00345,0
-0.0333829,0,0.322456,0.0031,0
-0.028802,0,0.316509,0.0035,0
0.00465327,0,0.29472,0.0031,0
0.000487223,0,0.286161,0.00345,0
0.0770588,0,0.310141,0.0031,0
0.0785029,0,0.331428,0.0035,0
0.0820301,0,0.316314,0.00345,0
0.0696397,0,0.307704,0.00315,0
0.00576201,0,0.261938,0.0034,0
-0.0489883,0,0.269908,0.0034,0
-0.0447216,0,0.277004,0.0034,0
-0.0594423,0,0.278351,0.0031,0
-0.0648309,0,0.284702,0.0034,0
-0.0569842,0,0.270591,0.003,0
0.0254065,0,0.311681,0.003,0
-0.0926532,0,0.323281,0.00325,0
-0.092005,0,0.332542,0.0032,0
0.00949484,0,0.285813,0.0035,0
0.0151117,0,0.290524,0.0034,0
-0.0858558,0,0.359805,0.00345,0
-0.0310233,0,0.264028,0.00325,0
-0.0276247,0,0.256958,0.00305,0
-0.0193713,0,0.253756,0.00325,0
0.0229616,0,0.294905,0.00305,0
0.0223332,0,0.27987,0.0034,0
-0.0778488,0,0.325087,0.0035,0
0.0907076,0,0.326299,0.0034,0
0.0835313,0,0.338648,0.00345,0
0.080752,0,0.323878,0.00315,0
-0.0372843,0,0.298658,0.00335,0
0.0328457,0,0.286765,0.00345,0
0.0140994,0,0.270925,0.0032,0
0.0311528,0,0.268759,0.003,0
0.0234173,0,0.26579,0.0034,0
0.0325662,0,0.276067,0.0034,0
0.0138578,0,0.278793,0.00335,0
-0.0536338,0,0.258123,0.003,0
-0.0478865,0,0.262406,0.00345,0
-0.0639926,0,0.253728,0.0035,0
-0.0461946,0,0.250643,0.00345,0
-0.0661903,0,0.263953,0.0034,0
-0.0522851,0,0.245867,0.00305,0
-0.0397592,0,0.257305,0.00315,0
-0.0135527,0,0.248048,0.0033,0
-0.00432989,0,0.251318,0.0035,0
-0.0365978,0,0.249459,0.0032,0
-0.0403718,0,0.264516,0.0031,0
0.0443868,0,0.270189,0.00345,0
0.0337054,0,0.257163,0.003,0
0.037935,0,0.263765,0.00335,0
0.0398931,0,0.275886,0.0034,0
0.0914695,0,0.348507,0.0032,0
0.0166128,0,0.259825,0.0035,0
0.00853299,0,0.249501,0.0032,0
-0.0502653,0,0.237788,0.0032,0
0.0903036,0,0.317805,0.00305,0
0.0911026,0,0.335754,0.003,0
0.0271646,0,0.318614,0.0031,0
0.0318004,0,0.307772,0.00305,0
0.00706671,0,0.30521,0.0032,0
0.0242458,0,0.255752,0.0034,0
0.0461939,0,0.2543,0.0031,0
0.045768,0,0.261569,0.00305,0
0.0320954,0,0.247465,0.003,0
0.0425922,0,0.247872,0.0034,0
0.02588,0,0.242851,0.003,0
0.0394373,0,0.236848,0.0034,0
0.0311737,0,0.233404,0.0031,0
0.0338229,0,0.329446,0.0034,0
-0.087211,0,0.260645,0.00345,0
-0.0621784,0,0.237503,0.00345,0
-0.0419798,0,0.241663,0.003,0
-0.0554138,0,0.23211,0.0035,0
-0.062425,0,0.245882,0.0033,0
0.0204989,0,0.248462,0.0035,0
-0.0655376,0,0.273513,0.00325,0
0.0511092,0,0.277152,0.0034,0
0.0435193,0,0.28605,0.00315,0
0.0518833,0,0.268357,0.00305,0
-0.0728535,0,0.26766,0.0035,0
0.0681882,0,0.300632,0.003,0
0.0597785,0,0.300741,0.00305,0
-0.00604674,0,0.242701,0.00325,0
-0.0251389,0,0.240114,0.0032,0
-0.0152058,0,0.236575,0.00335,0
-0.0920702,0,0.266544,0.0032,0
-0.0757936,0,0.258913,0.00325,0
-0.0836044,0,0.248066,0.003,0
-0.0903473,0,0.252995,0.00325,0
0.0520839,0,0.296621,0.0035,0
0.0512059,0,0.288055,0.0035,0
0.0435588,0,0.299303,0.00315,0
0.0336195,0,0.295736,0.0033,0
-0.0281476,0,0.248768,0.003,0
-0.0339523,0,0.237922,0.00325,0
0.0510651,0,0.304421,0.00325,0
0.0624189,0,0.28761,0.003,0
0.00775892,0,0.240104,0.003,0
-0.00680968,0,0.231166,0.00335,0
-0.053435,0,0.222167,0.00325,0
-0.0649797,0,0.226736,0.0033,0
-0.0437599,0,0.232765,0.00325,0
0.0231259,0,0.227204,0.00325,0
0.0272536,0,0.221291,0.0034,0
0.040812,0,0.227015,0.0033,0
0.0348832,0,0.220926,0.0033,0
0.0226445,0,0.287723,0.0032,0
-0.020362,0,0.245594,0.00325,0
-0.0739198,0,0.2472,0.00305,0
-0.0876871,0,0.237463,0.0034,0
-0.0766479,0,0.239357,0.0032,0
-0.0912353,0,0.245355,0.003,0
0.0204872,0,0.215456,0.00335,0
0.0313679,0,0.208273,0.003,0
0.0906146,0,0.308263,0.0034,0
-0.0690527,0,0.241134,0.0033,0
-0.0714372,0,0.233633,0.0032,0
-0.0918784,0,0.226133,0.00315,0
-0.0836285,0,0.227588,0.0034,0
0.0546314,0,0.259649,0.00315,0
0.0515704,0,0.248555,0.00305,0
0.0164381,0,0.222195,0.003,0
0.0209714,0,0.234474,0.00315,0
0.0104857,0,0.228805,0.0035,0
-0.0386338,0,0.227051,0.0033,0
-0.0309413,0,0.230807,0.003,0
0.0150242,0,0.240835,0.0032,0
-0.0407875,0,0.219335,0.00345,0
-0.0253155,0,0.225858,0.00315,0
-0.0322659,0,0.223454,0.0033,0
-0.0359592,0,0.208671,0.00335,0
-0.0493817,0,0.213486,0.00305,0
-0.02674,0,0.218009,0.0033,0
-0.0445068,0,0.204381,0.0031,0
-0.0629062,0,0.213692,0.00335,0
-0.0557008,0,0.202104,0.0033,0
0.0596325,0,0.276684,0.00315,0
0.0670057,0,0.293427,0.0031,0
0.0724393,0,0.281158,0.0034,0
0.0667768,0,0.275172,0.00315,0
0.0749469,0,0.290855,0.00305,0
-0.0233888,0,0.209941,0.003,0
-0.0338162,0,0.198422,0.0034,0
-0.0238975,0,0.201209,0.00345,0
-0.0411891,0,0.197433,0.00335,0
0.0128333,0,0.213406,0.0035,0
0.0230721,0,0.204518,0.00335,0
-0.0399291,0,0.189263,0.00315,0
-0.0287769,0,0.19177,0.0034,0
-0.048818,0,0.190406,0.0031,0
0.0031921,0,0.220823,0.00325,0
-0.0717519,0,0.218096,0.00345,0
-0.0752927,0,0.224584,0.0035,0
0.0474943,0,0.240524,0.0031,0
0.0482892,0,0.23261,0.00335,0
0.0491807,0,0.217821,0.00325,0
-0.0358186,0,0.178232,0.003,0
-0.0332312,0,0.185507,0.00345,0
-0.0466754,0,0.18213,0.0034,0
-0.0492039,0,0.198269,0.00315,0
0.0593379,0,0.269037,0.00345,0
0.0411877,0,0.209841,0.0031,0
0.0378954,0,0.201325,0.00345,0
0.0478611,0,0.198608,0.00315,0
0.0505951,0,0.207356,0.0034,0
-0.0569535,0,0.192647,0.00335,0
-0.0623502,0,0.197909,0.00305,0
0.0292652,0,0.199829,0.00345,0
0.0315632,0,0.19289,0.00315,0
0.0408796,0,0.188976,0.0034,0
0.0602548,0,0.253405,0.00305,0
0.0547007,0,0.225587,0.00315,0
-0.0153619,0,0.207531,0.00315,0
-0.0168413,0,0.215826,0.0034,0
-0.00993011,0,0.212874,0.0031,0
-0.0340874,0,0.2158,0.0031,0
0.0850816,0,0.290131,0.0031,0
0.0816882,0,0.278476,0.00315,0
0.0770473,0,0.298735,0.00305,0
-0.04611,0,0.225812,0.00345,0
-0.0167339,0,0.227452,0.0031,0
0.0111036,0,0.201693,0.00335,0
0.020587,0,0.19779,0.00345,0
-0.0183361,0,0.191776,0.00335,0
-0.0102811,0,0.199555,0.00305,0
-0.0688934,0,0.205722,0.00335,0
-0.0780644,0,0.214095,0.0035,0
-0.0857121,0,0.218007,0.0032,0
-0.0713787,0,0.198232,0.0034,0
-0.0777232,0,0.202227,0.00325,0
0.020055,0,0.186923,0.00335,0
0.0278952,0,0.184477,0.0032,0
0.00337519,0,0.212742,0.003,0
0.00271942,0,0.233979,0.0031,0
-0.00404219,0,0.221243,0.003,0
-0.030571,0,0.171283,0.0033,0
-0.0256771,0,0.177419,0.0034,0
-0.0466141,0,0.174518,0.00325,0
-0.0418571,0,0.168757,0.003,0
-0.0356676,0,0.164134,0.0035,0
0.0864936,0,0.299888,0.00315,0
-0.0857167,0,0.206288,0.00335,0
-0.0831751,0,0.189752,0.00335,0
-0.0886963,0,0.196138,0.00325,0
0.0576414,0,0.232577,0.0033,0
0.00968997,0,0.193998,0.00345,0
0.00189358,0,0.201793,0.0034,0
-0.00490412,0,0.206244,0.0032,0
0.0615565,0,0.220084,0.0032,0
0.0627637,0,0.244901,0.00305,0
0.065658,0,0.226295,0.003,0
0.0552809,0,0.242012,0.0034,0
0.0577215,0,0.213299,0.003,0
0.0687091,0,0.208221,0.00305,0
0.0738549,0,0.224119,0.0031,0
0.0702794,0,0.217617,0.0032,0
0.0727001,0,0.265926,0.00315,0
0.0921844,0,0.294263,0.0032,0
-0.0543829,0,0.176273,0.00325,0
-0.0723595,0,0.191,0.0035,0
-0.0653958,0,0.186103,0.00345,0
0.0649192,0,0.264071,0.0032,0
-0.0904387,0,0.186093,0.00335,0
-0.0570916,0,0.184711,0.003,0
-0.0926907,0,0.203449,0.0031,0
-0.0910219,0,0.213188,0.0033,0
0.0642813,0,0.237401,0.00345,0
0.0696636,0,0.2545,0.0031,0
0.083129,0,0.306269,0.0034,0
-0.00422619,0,0.194832,0.0031,0
-0.0643271,0,0.175374,0.0035,0
-0.0763003,0,0.178716,0.00325,0
0.0233783,0,0.177462,0.0031,0
0.00640467,0,0.18618,0.003,0
0.0104056,0,0.179294,0.00335,0
-0.0104169,0,0.187118,0.00315,0
0.0752435,0,0.238846,0.00335,0
0.0704289,0,0.245184,0.0035,0
-0.0851177,0,0.180072,0.0033,0
0.0749826,0,0.273918,0.00315,0
0.0845113,0,0.269123,0.0032,0
0.091416,0,0.271815,0.00335,0
0.0886489,0,0.28363,0.00315,0
-0.0536868,0,0.166095,0.0034,0
-0.0456441,0,0.155435,0.0035,0
-0.0900283,0,0.170943,0.0034,0
-0.0752209,0,0.171355,0.00335,0
-0.082739,0,0.172013,0.00315,0
0.0786838,0,0.259873,0.0032,0
0.0330078,0,0.178333,0.0033,0
0.07019,0,0.233008,0.00335,0
0.0552146,0,0.189046,0.00305,0
0.0582462,0,0.196276,0.0033,0
0.0491576,0,0.185231,0.00345,0
-0.0562777,0,0.209263,0.0033,0
-0.0904546,0,0.162015,0.0035,0
-0.0796515,0,0.16289,0.00305,0
0.0872934,0,0.25919,0.00345,0
0.08711,0,0.251293,0.00315,0
0.0782443,0,0.251941,0.00345,0
0.00228797,0,0.244933,0.00315,0
-0.0229169,0,0.232864,0.00305,0
0.0920958,0,0.264515,0.00345,0
0.0602856,0,0.205182,0.00345,0
-0.0376966,0,0.155285,0.0031,0
-0.0153739,0,0.179103,0.00315,0
-0.0246782,0,0.185891,0.0032,0
0.086654,0,0.244074,0.00305,0
-0.0440254,0,0.146035,0.00335,0
-0.0361297,0,0.147717,0.00345,0
-0.0283131,0,0.157026,0.0031,0
-0.0280221,0,0.149134,0.00305,0
0.0662681,0,0.199775,0.00325,0
0.0425348,0,0.180989,0.003,0
0.0490298,0,0.177756,0.0032,0
-0.0494982,0,0.13734,0.00315,0
-0.0421746,0,0.137132,0.00345,0
-0.0530445,0,0.156377,0.0033,0
-0.0553325,0,0.141979,0.0034,0
-0.0328813,0,0.137584,0.0032,0
0.0662267,0,0.191903,0.00345,0
-0.0169048,0,0.1562,0.0031,0
-0.0170155,0,0.14368,0.0033,0
0.025061,0,0.166076,0.0033,0
0.0143023,0,0.169899,0.00335,0
0.0852518,0,0.233018,0.0032,0
-0.0606212,0,0.163711,0.00335,0
0.0137811,0,0.159041,0.00305,0
0.0210921,0,0.160018,0.0034,0
0.00220887,0,0.16878,0.0035,0
-0.092476,0,0.178213,0.00305,0
0.0912353,0,0.238058,0.00305,0
0.0338138,0,0.171042,0.00335,0
0.000368536,0,0.181868,0.00335,0
-0.0767611,0,0.150328,0.00315,0
-0.0861942,0,0.152482,0.00335,0
-0.0682136,0,0.16171,0.00315,0
0.0777119,0,0.193745,0.00325,0
-0.0731115,0,0.143905,0.00315,0
-0.0850677,0,0.141331,0.00315,0
-0.0655458,0,0.146592,0.00345,0
-0.069643,0,0.154647,0.0033,0
-0.0583592,0,0.149457,0.0033,0
0.0836279,0,0.220421,0.0033,0
0.0774822,0,0.212567,0.0033,0
-0.0676418,0,0.16895,0.00345,0
-0.0627565,0,0.156727,0.00335,0
0.0616977,0,0.176396,0.0033,0
0.0668176,0,0.181401,0.0032,0
0.0431958,0,0.173129,0.0033,0
-0.0239413,0,0.141651,0.0032,0
-0.0180487,0,0.1345,0.00305,0
-0.0117467,0,0.150205,0.00305,0
-0.00324671,0,0.142809,0.00305,0
-0.0115672,0,0.138503,0.0033,0
-0.0187401,0,0.125388,0.00325,0
-0.00632009,0,0.12871,0.003,0
-0.0302735,0,0.128053,0.0032,0
-0.0106711,0,0.121959,0.00325,0
-0.0158288,0,0.115264,0.00305,0
-0.0245511,0,0.112509,0.0032,0
0.0861701,0,0.185903,0.0033,0
0.0752865,0,0.185395,0.003,0
0.0770722,0,0.20161,0.0032,0
0.0869322,0,0.19705,0.0033,0
0.083373,0,0.205878,0.0032,0
0.00120143,0,0.161377,0.0031,0
-0.00742339,0,0.169305,0.0031,0
-0.00804642,0,0.176606,0.00325,0
0.00875844,0,0.164725,0.003,0
-0.0258255,0,0.164166,0.0031,0
-0.0205828,0,0.171979,0.0033,0
0.0806895,0,0.1775,0.0032,0
0.070392,0,0.174624,0.00345,0
0.0156743,0,0.151341,0.00335,0
0.0231817,0,0.152513,0.00325,0
0.0011426,0,0.152852,0.0031,0
-0.0452734,0,0.127805,0.003,0
-0.0630411,0,0.138337,0.0034,0
-0.00602756,0,0.110669,0.00305,0
-0.00289048,0,0.121265,0.00305,0
-0.0563216,0,0.131646,0.00335,0
-0.0375894,0,0.130134,0.0031,0
-0.00917841,0,0.161086,0.0031,0
-0.0157913,0,0.165052,0.0032,0
0.0753411,0,0.166013,0.00305,0
0.0657638,0,0.162728,0.0032,0
0.0824578,0,0.170385,0.0033,0
-0.027316,0,0.121437,0.00345,0
-0.0664477,0,0.128277,0.0031,0
-0.0717257,0,0.134687,0.0031,0
-0.0411245,0,0.120137,0.0034,0
-0.0368641,0,0.11347,0.0035,0
-0.0828507,0,0.131979,0.0032,0
-0.0918348,0,0.146823,0.0033,0
-0.0899051,0,0.134775,0.003,0
0.00838342,0,0.147962,0.0034,0
0.0143403,0,0.143765,0.0033,0
0.0272947,0,0.146637,0.0032,0
0.0923495,0,0.180829,0.0035,0
0.0556053,0,0.181259,0.00305,0
0.028096,0,0.158199,0.00315,0
0.092073,0,0.209564,0.00335,0
0.0923467,0,0.22454,0.0031,0
0.0901797,0,0.217182,0.00325,0
0.0336301,0,0.150042,0.00315,0
0.0235754,0,0.139489,0.00335,0
0.00639465,0,0.125125,0.00305,0
-0.00159679,0,0.135047,0.0031,0
0.00664935,0,0.132357,0.00315,0
0.0580887,0,0.166904,0.00305,0
0.0617089,0,0.154129,0.0033,0
0.0744714,0,0.15462,0.0034,0
0.0554281,0,0.15921,0.0035,0
-0.056569,0,0.121318,0.00315,0
-0.0638048,0,0.121567,0.0035,0
-0.0461624,0,0.163,0.0033,0
-0.00223929,0,0.102084,0.0031,0
0.00628489,0,0.115012,0.00345,0
-0.00999439,0,0.103644,0.0033,0
0.00499052,0,0.106942,0.00315,0
-0.0181896,0,0.107996,0.00325,0
0.0853183,0,0.161943,0.0033,0
0.0905489,0,0.169885,0.003,0
0.0190019,0,0.13385,0.00305,0
0.0504743,0,0.165934,0.00315,0
-0.0162408,0,0.0982489,0.00335,0
-0.00593984,0,0.0917834,0.00345,0
-0.0166084,0,0.0904828,0.0031,0
-0.0240565,0,0.0948618,0.0034,0
-0.0270551,0,0.104016,0.0032,0
-0.0737409,0,0.124063,0.00315,0
-0.0320544,0,0.0931353,0.0035,0
-0.0403513,0,0.105363,0.0031,0
-0.036795,0,0.0985678,0.0035,0
-0.0455318,0,0.099041,0.0035,0
-0.0524285,0,0.105452,0.0035,0
-0.0441691,0,0.11307,0.00305,0
-0.0598747,0,0.112798,0.00335,0
-0.0522626,0,0.114997,0.0033,0
-0.0554971,0,0.0969599,0.00305,0
-0.0646758,0,0.105875,0.003,0
-0.062903,0,0.0960469,0.0035,0
0.0916794,0,0.157695,0.00315,0
0.0152235,0,0.115502,0.00325,0
0.0186994,0,0.122041,0.00345,0
0.0131152,0,0.128827,0.00345,0
0.00114945,0,0.0947977,0.00315,0
0.0395443,0,0.145695,0.0035,0
0.0327267,0,0.136009,0.0033,0
0.00518946,0,0.141026,0.00345,0
-0.0861762,0,0.117458,0.00335,0
-0.0689615,0,0.113992,0.00315,0
-0.0755575,0,0.111041,0.00315,0
-0.0844552,0,0.124479,0.0034,0
0.0777318,0,0.230534,0.0033,0
0.0387164,0,0.16299,0.0034,0
-0.085723,0,0.102181,0.0031,0
-0.0709287,0,0.0975518,0.00305,0
-0.0786002,0,0.104418,0.0032,0
0.0258638,0,0.301799,0.003,0
0.0135125,0,0.105686,0.0031,0
0.0251715,0,0.105665,0.0032,0
0.0229911,0,0.112984,0.0034,0
-0.0791377,0,0.0961527,0.0033,0
-0.089524,0,0.0953979,0.00325,0
-0.0909968,0,0.107075,0.00325,0
-0.0925719,0,0.114058,0.00305,0
-0.0252524,0,0.084901,0.0033,0
-0.0341726,0,0.0830069,0.003,0
-0.0403287,0,0.0920592,0.00335,0
-0.0171431,0,0.0829836,0.00335,0
0.0452573,0,0.159873,0.00305,0
-0.0475932,0,0.0871789,0.0031,0
-0.0922306,0,0.126518,0.00315,0
0.00918394,0,0.0944676,0.0035,0
0.0338417,0,0.128716,0.00305,0
0.0425549,0,0.134384,0.00345,0
0.0261065,0,0.1264,0.00325,0
0.0499769,0,0.153378,0.0034,0
0.0399046,0,0.154513,0.0033,0
-0.0838945,0,0.109249,0.003,0
0.0163667,0,0.0981827,0.00335,0
0.0919019,0,0.190268,0.00335,0
-0.0780275,0,0.0861249,0.0034,0
-0.08538,0,0.0867907,0.0033,0
0.028852,0,0.0978894,0.00345,0
0.0202018,0,0.0905857,0.00335,0
-0.0428878,0,0.0803231,0.00345,0
0.050311,0,0.145309,0.003,0
-0.0225449,0,0.0781155,0.0031,0
-0.0354505,0,0.0756941,0.0034,0
0.037195,0,0.0994707,0.0032,0
0.0352161,0,0.10851,0.003,0
0.0346928,0,0.089369,0.00325,0
-0.000185311,0,0.0865729,0.00345,0
-0.00929345,0,0.0792368,0.0035,0
0.0296913,0,0.119363,0.00325,0
-0.013632,0,0.0711217,0.0033,0
-0.00617183,0,0.068088,0.0035,0
-0.00252087,0,0.0753123,0.00325,0
0.057546,0,0.146635,0.003,0
0.0399157,0,0.123244,0.00345,0
0.0415843,0,0.0928685,0.00345,0
0.0230809,0,0.0829852,0.0031,0
0.035816,0,0.0816179,0.0033,0
0.028155,0,0.0778265,0.00305,0
-0.0783334,0,0.118564,0.003,0
-0.0494786,0,0.0696439,0.0031,0
-0.0555661,0,0.0738858,0.00345,0
-0.0411085,0,0.0705945,0.0034,0
-0.0551881,0,0.0843242,0.0034,0
-0.0467179,0,0.0606642,0.003,0
-0.037168,0,0.0631159,0.00305,0
-0.0610345,0,0.0644099,0.00325,0
-0.0633822,0,0.0719533,0.00315,0
-0.0780755,0,0.138477,0.00315,0
0.0151438,0,0.0807988,0.0032,0
0.0624752,0,0.139957,0.00315,0
0.0542325,0,0.138747,0.003,0
-0.0454432,0,0.0535476,0.003,0
-0.02894,0,0.0629772,0.00315,0
-0.0266495,0,0.0718013,0.003,0
-0.0259469,0,0.0563963,0.0032,0
-0.0370608,0,0.0535522,0.0034,0
0.0429632,0,0.112693,0.0031,0
0.046842,0,0.103679,0.00315,0
-0.0881004,0,0.0730848,0.003,0
-0.0918833,0,0.0833202,0.00335,0
-0.0828629,0,0.0794926,0.0034,0
-0.0536877,0,0.0634512,0.00335,0
0.0428487,0,0.0720829,0.00305,0
0.0335211,0,0.0676773,0.0035,0
0.0463313,0,0.0817231,0.00335,0
-0.0640304,0,0.0868761,0.0033,0
0.0574395,0,0.0738483,0.00305,0
0.0581519,0,0.0855856,0.00345,0
-0.0560326,0,0.0506188,0.0031,0
-0.0205852,0,0.0616568,0.00335,0
-0.0133829,0,0.0571829,0.00325,0
-0.0500184,0,0.0787155,0.0034,0
0.00864282,0,0.0851558,0.00315,0
-0.0414124,0,0.0414905,0.00325,0
-0.0333426,0,0.0441025,0.00305,0
-0.0300853,0,0.0504748,0.0031,0
0.0655791,0,0.0821572,0.00305,0
0.0702274,0,0.0877908,0.00315,0
0.0497315,0,0.0889285,0.00345,0
0.0586404,0,0.0969295,0.0031,0
-0.0721103,0,0.0806163,0.00345,0
0.0503874,0,0.110707,0.0035,0
0.0587711,0,0.107775,0.0032,0
0.052463,0,0.128889,0.0035,0
0.0564156,0,0.0597951,0.0032,0
0.0498241,0,0.0739364,0.00305,0
0.0539159,0,0.0670754,0.0033,0
0.0649745,0,0.07224,0.00305,0
0.0628682,0,0.0631546,0.0031,0
0.0470196,0,0.0601445,0.0034,0
0.0693017,0,0.148912,0.00345,0
-0.0198245,0,0.0521219,0.00315,0
0.0503189,0,0.120409,0.0035,0
-0.0616699,0,0.0566696,0.0033,0
-0.0699806,0,0.0682066,0.00305,0
0.00512457,0,0.0757971,0.00305,0
0.0152414,0,0.0726377,0.00315,0
0.0412021,0,0.0527265,0.0032,0
0.0501781,0,0.0474401,0.0033,0
-0.0643477,0,0.0796897,0.0034,0
0.0810618,0,0.15181,0.003,0
0.068496,0,0.102133,0.00345,0
0.0574049,0,0.115034,0.0032,0
0.0684517,0,0.109473,0.0035,0
0.0669661,0,0.119279,0.0032,0
-0.0240277,0,0.0417996,0.00345,0
-0.0368266,0,0.031492,0.00345,0
-0.0291497,0,0.035893,0.00315,0
0.00456909,0,0.0661252,0.00325,0
-0.0503888,0,0.0318505,0.0033,0
-0.0489813,0,0.047243,0.0031,0
-0.0499518,0,0.0397365,0.0032,0
-0.0705401,0,0.0572259,0.0035,0
-0.0771849,0,0.0687396,0.0034,0
0.0637933,0,0.127673,0.00335,0
0.0784201,0,0.101157,0.00315,0
0.0719906,0,0.0950636,0.003,0
0.0756157,0,0.138221,0.0031,0
-0.0115786,0,0.0350218,0.0035,0
-0.0149516,0,0.0429602,0.00325,0
0.0596074,0,0.0522809,0.003,0
0.0671247,0,0.04973,0.0031,0
0.0692009,0,0.0586375,0.0035,0
-0.0042498,0,0.0567521,0.0035,0
-0.0143468,0,0.027813,0.0033,0
-0.00175506,0,0.039563,0.00325,0
-0.0050853,0,0.0297308,0.00345,0
-0.00621779,0,0.0225385,0.00325,0
-0.0198233,0,0.0356957,0.00305,0
-0.00376461,0,0.0479874,0.00305,0
0.068231,0,0.135661,0.00345,0
-0.0624814,0,0.0460823,0.00305,0
0.0819536,0,0.0637926,0.00305,0
0.0786093,0,0.052483,0.0032,0
0.0734012,0,0.0686508,0.00305,0
0.0769869,0,0.0805668,0.0035,0
0.0860817,0,0.0703022,0.0034,0
0.0450058,0,0.0396324,0.00325,0
0.051881,0,0.035961,0.00335,0
0.059787,0,0.0413755,0.00305,0
-0.0702436,0,0.0500394,0.00345,0
0.0242179,0,0.0716987,0.00335,0
0.0267395,0,0.064477,0.00305,0
0.0754449,0,0.116499,0.0033,0
0.0784551,0,0.125921,0.0035,0
-0.0450528,0,0.0267975,0.00335,0
-0.0588872,0,0.0319053,0.0035,0
0.0790522,0,0.0737207,0.003,0
-0.02107,0,0.0221554,0.0034,0
-0.0821623,0,0.0610739,0.0033,0
0.034225,0,0.0511453,0.0034,0
0.0373259,0,0.0587195,0.003,0
0.0308141,0,0.0432015,0.0032,0
0.0396652,0,0.0451177,0.0031,0
0.0691278,0,0.0375773,0.003,0
0.0758738,0,0.0409886,0.00315,0
-0.0674698,0,0.0213659,0.0032,0
-0.0585099,0,0.0397527,0.003,0
-0.0574902,0,0.0242217,0.00305,0
-0.0690625,0,0.0358044,0.00325,0
0.0781269,0,0.0904684,0.00335,0
0.0890824,0,0.0951289,0.00335,0
0.0839034,0,0.108345,0.0034,0
0.0361437,0,0.0383953,0.00315,0
0.0224714,0,0.037946,0.0034,0
0.0260374,0,0.0505308,0.00325,0
0.0379027,0,0.0311626,0.00325,0
0.0504853,0,0.0974402,0.0032,0
-0.0924921,0,0.0647657,0.00335,0
-0.0772268,0,0.0516458,0.00315,0
-0.0298016,0,0.0249591,0.0034,0
-0.0375214,0,0.018964,0.00325,0
-0.0505247,0,0.0209068,0.00315,0
0.0883111,0,0.145468,0.00305,0
0.0850894,0,0.138909,0.00335,0
0.0829861,0,0.119449,0.00335,0
0.0302497,0,0.0321531,0.00345,0
0.0150632,0,0.0321649,0.00315,0
0.0110992,0,0.0402844,0.00305,0
0.0233962,0,0.0238187,0.00335,0
0.0151312,0,0.0500624,0.0034,0
-0.0399023,0,0.00539163,0.00325,0
-0.0312758,0,0.0109451,0.00345,0
-0.0463521,0,0.00859196,0.0032,0
-0.0887816,0,0.0578378,0.0031,0
-0.085163,0,0.0490115,0.00305,0
0.0921415,0,0.08013,0.003,0
0.089438,0,0.0631402,0.00345,0
0.0131599,0,0.0628747,0.00345,0
0.00941586,0,0.055662,0.0035,0
0.00798798,0,0.048121,0.0034,0
0.0219983,0,0.0584078,0.0033,0
-0.0581389,0,0.0161085,0.00305,0
0.0046473,0,0.0290454,0.0031,0
-0.0125287,0,0.0181628,0.00305,0
0.00304003,0,0.0193789,0.0035,0
0.0140675,0,0.0197464,0.00315,0
-0.0728448,0,0.0154071,0.00335,0
-0.0633757,0,0.00955707,0.00335,0
-0.0793728,0,0.0183013,0.0032,0
-0.0772285,0,0.0266352,0.00325,0
0.0710433,0,0.0287782,0.00305,0
0.0776388,0,0.0324976,0.00345,0
0.0616954,0,0.0284889,0.0035,0
0.0847337,0,0.0870642,0.00325,0
-0.0926257,0,0.0486846,0.00305,0
-0.0538334,0,0.00560202,0.00335,0
-0.0715908,0,0.0080024,0.0032,0
-0.0657497,0,0.0283297,0.003,0
0.0889996,0,0.131738,0.00325,0
0.0909172,0,0.116261,0.00315,0
0.0469085,0,0.028777,0.003,0
0.0307521,0,0.0247446,0.00315,0
0.0470259,0,0.0207405,0.00315,0
0.0362947,0,0.0180518,0.0031,0
0.0274265,0,0.0126463,0.00315,0
0.0354718,0,0.00808921,0.00305,0
0.043222,0,0.0076737,0.003,0
0.0844806,0,0.0789796,0.0033,0
-0.0881047,0,0.0359918,0.0031,0
-0.0802477,0,0.0382424,0.0035,0
0.0711969,0,0.0181965,0.00305,0
0.0798771,0,0.0190835,0.00335,0
0.0832327,0,0.0272052,0.0033,0
0.059141,0,0.0210153,0.0032,0
0.0762126,0,0.109123,0.0031,0
0.0773505,0,0.14551,0.00345,0
-0.00422902,0,0.0151683,0.00325,0
0.00306363,0,0.00667681,0.0035,0
-0.0113532,0,0.00751357,0.0033,0
0.0843765,0,0.038174,0.003,0
0.0843613,0,0.0476718,0.00345,0
0.0650397,0,0.00634789,0.00335,0
0.0727712,0,0.00907879,0.0032,0
0.0845514,0,0.0136201,0.0033,0
0.0616756,0,0.0133578,0.0035,0
0.0144699,0,0.012326,0.00315,0
-0.0228025,0,0.0140587,0.00335,0
0.0525166,0,0.0147238,0.00315,0
0.0862484,0,0.0551325,0.0033,0
0.00242436,0,0.0526849,0.00325,0
0.0363258,0,0.116034,0.00315,0
-0.0849608,0,0.0293516,0.0035,0
-0.0928992,0,0.0298914,0.0034,0
0.0223475,0,0.00549002,0.0031,0
0.0928696,0,0.0316065,0.003,0
0.0146148,0,0.00473869,0.0031,0
-0.0918122,0,0.0170121,0.0035,0
-0.0813023,0,0.0113181,0.00305,0
0.0908592,0,0.123547,0.00305,0
0.0557666,0,0.00639077,0.0035,0
-0.0920525,0,0.00801273,0.0031,0
0.0709843,0,0.128768,0.0034,0
0.0919603,0,0.0446628,0.003,0
0.0876985,0,0.0214301,0.0035,0
-0.0782013,0,0.00432062,0.0031,0
0.0798233,0,0.00401157,0.00315,0
0.029788,0,0.00371657,0.00345,0
-0.0728649,0,0.0425704,0.00345,0
0.0928259,0,0.00847679,0.0035,0
0.0925049,0,0.103371,0.0034,0
-0.0205611,0,0.00615397,0.0032,0
0.0804591,0,0.132887,0.0032,0
-0.0446011,0,0.0167156,0.0035,0
-0.0307247,0,0.00365931,0.0035,0
